mcode,product_name,,
100000,엘로엘 아쿠아클린 마스크,FALSE,FALSE
100001,국내생산 스텐락 심플 스텐밀폐용기 17종,FALSE,FALSE
100002,이보은의 우삽겹 12팩세트,FALSE,FALSE
100006,AAA 19 F/W 남성 트레킹화 3종,TRUE,FALSE
100006,AAA 19 F/W 여성 트레킹화 3종,FALSE,TRUE
100009,AAB의 든든한 콩국수,FALSE,FALSE
100010,AAB의 소곱창전골 800g x 8팩,FALSE,FALSE
100013,AAC한우소머리곰탕양곰탕세트,TRUE,FALSE
100013,AAC 한우소머리 곰탕,TRUE,TRUE
100013,AAC 한우소머리양곰탕,FALSE,TRUE
100015,잔다리 전두부세트,FALSE,FALSE
100016,"구워만든 곡물그대로 21, 3종 20봉",TRUE,FALSE
100016,"구워만든 곡물그대로 21, 오리지널 10봉",FALSE,TRUE
100017,[플로쥬] 트윙클 아일렛 스니커즈,FALSE,FALSE
100018,AAD 여성 소가죽 구름 샌들,TRUE,FALSE
100018,AAD 남성 소가죽 구름 샌들,FALSE,TRUE
100019,AAD 도트펀칭 컴포트 슬립온,FALSE,FALSE
100020,AAD 소가죽 올데이슬립온,FALSE,FALSE
100021,AAD 소가죽 투웨이 샌들,FALSE,FALSE
100022,AAE LA갈비 7팩,FALSE,FALSE
100023,최인선 셰프의 듬뿍 곤드레나물밥 16인분,FALSE,FALSE
100024,거미손 차량용 공기청정기,FALSE,FALSE
100025,김병지 거미손 풀확장 일체형 코일카매트,TRUE,FALSE
100025,국내제작 김병지 고밀도  풀확장 코일카매트,FALSE,TRUE
100026,궁중 손질새우 200미 + 동태포 200g,TRUE,FALSE
100026,궁중 손질새우 200미 + 동태포 400g,FALSE,TRUE
100027,궁중 해물철판 10팩,FALSE,FALSE
100028,일시불 프랑스직수입  테팔 매직핸즈 프라이팬세트,TRUE,FALSE
100028,무이자 프랑스직수입  테팔 매직핸즈 프라이팬세트,FALSE,TRUE
100029,테팔 에어포스 라이트 무선 청소기,FALSE,FALSE
100031,생쥴랑 14K 베스트 귀걸이 5종 컬렉션 (14K골드 5종),TRUE,FALSE
100031,[생쥴랑] 14K 입체 3D 체인 주얼리 11종 컬렉션,FALSE,TRUE
100032,생줄랑 14K 글로리아 목걸이 컬렉션 8종,FALSE,FALSE
100033,생쥴랑 18K 베니스 주얼리 컬렉션 11종,TRUE,FALSE
100033,생쥴랑 18K코코 천연다이아 목걸이팔찌 세트,TRUE,TRUE
100033,생쥴랑 18K코코 천연다이아 목걸이,TRUE,TRUE
100033,생쥴랑 18K코코 천연다이아 팔찌,TRUE,TRUE
100033,생쥴랑 18K 피오레 볼륨 주얼리 컬렉션 (18K 총6종),FALSE,TRUE
100034,레노마 우/양산 2종세트,TRUE,FALSE
100034,레노마 여성 양가죽/양모 장갑 2종,TRUE,TRUE
100034,레노마 남성 양가죽 장갑 2종,FALSE,TRUE
100036,구찌 씨마 베이직 양면 울 머플러,TRUE,FALSE
100036,구찌 인터로킹 GG 탑핸들 체인 숄더 라지,TRUE,TRUE
100036,구찌 인터로킹 GG 탑핸들 체인 숄더 스몰,TRUE,TRUE
100036,구찌 마이크로 씨마 GG플랩 2단 장지갑,FALSE,TRUE
100037,프라다 듀엣 선글라스,TRUE,FALSE
100037,프라다 자카드 카메라 크로스백,TRUE,TRUE
100037,프라다 더블지퍼 크로스백,TRUE,TRUE
100037,프라다 테스토 크로스백,TRUE,TRUE
100037,프라다 테스토 탑핸들 토트 숄더백,TRUE,TRUE
100037,프라다 탑핸들 토트 숄더백,TRUE,TRUE
100037,프라다 자카드 토트 숄더백,TRUE,TRUE
100037,프라다 비텔로 피닉스 토트백,TRUE,TRUE
100037,프라다 투브릿지 선글라스,TRUE,TRUE
100037,프라다 비텔로 피닉스 모터백,TRUE,TRUE
100037,프라다 비텔로 피닉스 보스턴,TRUE,TRUE
100037,프라다 미란다백,TRUE,TRUE
100037,프라다 테스토 호보백,TRUE,TRUE
100037,프라다 피닉스 토트 숄더백,TRUE,TRUE
100037,프라다 사피아노 스퀘어백,TRUE,TRUE
100037,프라다 테스토 체인 쇼퍼백,TRUE,TRUE
100037,프라다 테스토 지퍼 토트백,TRUE,TRUE
100037,프라다 비텔로 라운드 토트 숄더백,TRUE,TRUE
100037,구찌 더블G 오버 선글라스,FALSE,TRUE
100038,구찌 더블G 오버 선글라스,FALSE,FALSE
100039,버버리 홀스페리 페이톤 크로스백,TRUE,FALSE
100039,버버리 밀덴홀 체인 크로스백 미듐,FALSE,TRUE
100040,프라다 테스토 레터링 버킷백,TRUE,FALSE
100040,프라다 비텔로 피닉스 토트백,TRUE,TRUE
100040,프라다 투웨이백,TRUE,TRUE
100040,프라다 테스토 크로스백,TRUE,TRUE
100040,프라다 자카드 토트백,FALSE,TRUE
100041,[농협] 대학 찰 옥수수 10봉(30개),FALSE,FALSE
100042,알렉스하운드 썸머 기능성 멀티웨어 6종,FALSE,FALSE
100043,알렉스하운드 양모 퀼팅 패딩 자켓,TRUE,FALSE
100043,알렉스하운드 양모 퀼팅 패딩 팬츠,TRUE,TRUE
100043,알렉스하운드 양모 퀼팅 패딩 세트,FALSE,TRUE
100044,프리바이오틱스 3300 12박스(12개월분),FALSE,FALSE
100045,시크릿뮤즈 커버팩트,FALSE,FALSE
100046,고칼슘검은콩두유48팩+호두아몬드 두유48팩,FALSE,FALSE
100047,국내제조 붙이는 따스림 실크 단열벽지 20+10미터(총30미터),TRUE,FALSE
100047,국내제조 붙이는 따스림 실크 단열벽지 20미터,TRUE,TRUE
100047,국내제조 붙이는 따스림 실크 단열벽지 10미터,FALSE,TRUE
100048,"무이자 루미테라피 노즈케어 저출력광선조사기, LN-01W",TRUE,FALSE
100048,"일시불 루미테라피 노즈케어 저출력광선조사기, LN-01W",FALSE,TRUE
100049,마리노블 밍크 롱코트,TRUE,FALSE
100049,마리노블 밍크 퍼 베스트,TRUE,TRUE
100049,마리노블 밍크 롱코트(역시즌),TRUE,TRUE
100049,마리노블 밍크 퍼 베스트(역시즌),TRUE,TRUE
100049,19FW마리노블 밍크 롱코트,FALSE,TRUE
100050,자이언트킹랍스터  (점보1미+골든 2미+ 크래커),FALSE,FALSE
100051,센스톰알파청소기,FALSE,FALSE
100052,스팀큐다리미,FALSE,FALSE
100053,목우촌 1등급 오리로스 18팩,FALSE,FALSE
100054,일시불 한삼인순홍삼진7박스 (백A1),TRUE,FALSE
100054,무이자 한삼인순홍삼진7박스 (백A1),FALSE,TRUE
100055,  뉴트리원 다이어트 구미,FALSE,FALSE
100056,(일)모나코사놀,TRUE,FALSE
100056,(무)모나코사놀,FALSE,TRUE
100057,뉴트리원 다이어트 구미 시즌2,FALSE,FALSE
100058,뉴트리원 비비랩 FOS 프리바이오틱스,FALSE,FALSE
100061,일시불 am마카롱 보냉보온 텀블러세트,TRUE,FALSE
100061,무이자 am마카롱 보냉보온 텀블러세트,TRUE,TRUE
100061,am마카롱 보온병세트,FALSE,TRUE
100062,대동모피 19 F/W 폭스 베스트,FALSE,FALSE
100063,대동모피 패션밍크 후드 롱코트 (19FW),FALSE,FALSE
100064,무이자 아이넥스 솔리드 멀티 식기건조대,TRUE,FALSE
100064,일시불 아이넥스 솔리드 멀티 식기건조대,FALSE,TRUE
100065,무이자 아이넥스 카세로 식기건조대,TRUE,FALSE
100065,일시불 아이넥스 카세로 식기건조대,FALSE,TRUE
100066,아이넥스 프리미엄 올스텐 싱크선반,TRUE,FALSE
100066,무이자 아이넥스 프리미엄 올스텐 싱크선반,TRUE,TRUE
100066,일시불 아이넥스 프리미엄 올스텐 싱크선반,FALSE,TRUE
100067,일시불 캐리어 벽걸이에어컨 6형 ARC06NQT,TRUE,FALSE
100067,무이자 캐리어 벽걸이에어컨 6형 ARC06NQT,TRUE,TRUE
100067,일시불 캐리어 벽걸이에어컨 7형 ARC07VBC,TRUE,TRUE
100067,무이자 캐리어 벽걸이에어컨 7형 ARC07VBC,FALSE,TRUE
100069,칼리베이직 2019 패브릭 백 4종 (시즌 3),TRUE,FALSE
100069,칼리베이직 2019 패브릭 백 4종 (시즌 3) (ARS),FALSE,TRUE
100070,칼리베이직 여성백 3종세트,FALSE,FALSE
100074,비버리힐스폴로클럽 남성기초세트(2018FW골드),TRUE,FALSE
100074,비버리힐스폴로클럽 남성기초세트(골드+플라),TRUE,TRUE
100074,비버리힐스폴로클럽 남성기초세트(플라센타아이크림+선크림),TRUE,TRUE
100074,비버리힐스폴로클럽 남성기초세트(골드+콜라겐),FALSE,TRUE
100075,유캐슬 마리노 침실가구 풀세트 (매트리스포함),TRUE,FALSE
100075,유캐슬 마리노 침실가구 실속세트(매트리스X),TRUE,TRUE
100075,유캐슬 마리노 5단 서랍장,TRUE,TRUE
100075,유캐슬 마리노 협탁,TRUE,TRUE
100075,유캐슬 마리노 화장대세트 _화장대+거울,FALSE,TRUE
100076,무)이누스바스 시공패키지,TRUE,FALSE
100076,일)이누스바스 시공패키지,TRUE,TRUE
100076,(일)이누스바스 시공패키지,TRUE,TRUE
100076,(무)이누스바스 시공패키지,FALSE,TRUE
100078,발레리 라이크라 풀커버 컴포트핏 브라패키지(16차),FALSE,FALSE
100079,아키 라이크라 노와이어 브라 컬렉션(뉴아키 23차),FALSE,FALSE
100080,아키 풀커버 라이크라 레이스 패키지(106차),TRUE,FALSE
100080,아키 풀커버 라이크라 레이스 패키지(106차)(랜덤2세트추가),FALSE,TRUE
100081,아키 조끼형 더블보정 란쥬 쉐이퍼(96차),FALSE,FALSE
100083,디베이지 모크넥 니트 티블라우스 5종,FALSE,FALSE
100084,에트로 알마 라운드 크로스백 (1H898-8063),TRUE,FALSE
100084,에트로 아르니카 크로스백 (1H503-2388),TRUE,TRUE
100084,에트로 뉴컬러 숄더백  (1E552),TRUE,TRUE
100084,에트로 아르니카 토트백 (1H963-2734),TRUE,TRUE
100084,에트로 프로푸미 숄더 & 크로스백 (1495-24-192),TRUE,TRUE
100084,에트로 프로푸미 크로스백 (1493-24-192),TRUE,TRUE
100084,에트로 프로푸미  웨이스트백 (333-24-192),FALSE,TRUE
100085, 국내제조 오슬로 IH 프라이팬 세트,FALSE,FALSE
100086,무이자 에코라믹 모던 IH 냄비 세트,TRUE,FALSE
100086,일시불 에코라믹 모던 IH 냄비 세트,FALSE,TRUE
100087,에코라믹 데일리 프라이팬 1+1 세트,TRUE,FALSE
100087,에코라믹 데일리 프라이팬세트,FALSE,TRUE
100088,에코라믹 통주물 스톤 냄비세트,TRUE,FALSE
100088,에코라믹 컬링스톤프라이팬세트,TRUE,TRUE
100088,에코라믹 통주물 스톤 냄비세트 (new),FALSE,TRUE
100089,헤비추얼 여성 이지라이프 데님팬츠 3종,TRUE,FALSE
100089,헤비추얼 남성 이지라이프 데님팬츠 3종,TRUE,TRUE
100089,헤비추얼 남성 썸머 쿨라이프 데님 3종,TRUE,TRUE
100089,헤비추얼 여성 썸머 쿨라이프 데님 3종,TRUE,TRUE
100089,헤비추얼 남성 썸머 쿨라이트 데님 3종,TRUE,TRUE
100089,헤비추얼 여성 썸머 쿨라이트 데님 3종,FALSE,TRUE
100090,헤비추얼 여성 트렌치 맥코트,TRUE,FALSE
100090,헤비추얼 남성 트렌치 맥코트,FALSE,TRUE
100091,467L_딤채김치냉장고,TRUE,FALSE
100091,221L_딤채김치냉장고,TRUE,TRUE
100091,(1등급)467L_딤채김치냉장고,TRUE,TRUE
100091,(1등급)221L_딤채김치냉장고,TRUE,TRUE
100091,(1등급)221L_딤채김치냉장고(LDL22DHWJJ),FALSE,TRUE
100093,[페플럼제이] 19Fall' 소프트 루즈 니트 풀오버 4종,FALSE,FALSE
100094,[페플럼제이] 19Fall' 시그니처 밴딩팬츠 4종,FALSE,FALSE
100095,[페플럼제이] 19Fall' 시그니처 수트+베스트 컬렉션 3종 set,FALSE,FALSE
100096,(일시불) 라니 퍼니쿡 그릴 기본세트,TRUE,FALSE
100096,(무이자) 라니 퍼니쿡 그릴 기본세트,TRUE,TRUE
100096,(일시불) 라니 퍼니쿡 그릴 풀세트,TRUE,TRUE
100096,(무이자) 라니 퍼니쿡 그릴 풀세트,FALSE,TRUE
100097,올리고 가스와이드그릴레인지 프리미엄형,TRUE,FALSE
100097,올리고 가스와이드그릴레인지 기본형,TRUE,TRUE
100097,일시불 올리고 가스와이드그릴  프리미엄형,TRUE,TRUE
100097,무이자 올리고 가스와이드그릴레인지 프리미엄형,TRUE,TRUE
100097,(일시불) 올리고 가스와이드그릴레인지 프리미엄형,TRUE,TRUE
100097,(무이자) 올리고 가스와이드그릴레인지 프리미엄형,FALSE,TRUE
100098,[라쉬반］FC바로셀로나 에디션 드로즈SET,FALSE,FALSE
100099,라쉬반 뉴트로 에어 에디션 드로즈 패키지,TRUE,FALSE
100099,라쉬반 레알마드리드 에디션 드로즈 패키지,TRUE,TRUE
100099,라쉬반 프레쉬 에어 에디션 드로즈 패키지(+캐리어),TRUE,TRUE
100099,라쉬반 레알마드리드 에디션 드로즈 패키지(+캐리어),FALSE,TRUE
100100,락앤락 비스프리 온더테이블 밀폐용기세트,FALSE,FALSE
100101,일시불  락앤락 블랙우드 칼블럭7종+키친툴7종,TRUE,FALSE
100101,무이자 락앤락 블랙우드 칼블럭7종+키친툴7종,FALSE,TRUE
100102,일시불 락앤락 유로오븐글라스 세트,TRUE,FALSE
100102,무이자 락앤락 유로오븐글라스 세트,FALSE,TRUE
100103,무이자 서장훈의 락앤락 칼도마 살균블럭,TRUE,FALSE
100103,일시불 서장훈의 락앤락 칼도마 살균블럭,FALSE,TRUE
100104,일시불 오스터 멀티 텀블러블랜더,TRUE,FALSE
100104,무이자 오스터 멀티  텀블러 블랜더,FALSE,TRUE
100107,르까프 남성 핫멜트 덕다운 트랙 3종,TRUE,FALSE
100107,르까프 여성 핫멜트 덕다운 트랙 3종,FALSE,TRUE
100109,어반시크릿 썸머 풀코디 3종세트,FALSE,FALSE
100111,리앤 헤링본 러그 카페트 점보특대형,TRUE,FALSE
100111,리앤 헤링본 러그 카페트 특대형,TRUE,TRUE
100111,리앤 헤링본 러그 카페트 대형,FALSE,TRUE
100112,리앤코리아 순면 볼륨 카페트 세트(중형),TRUE,FALSE
100112,리앤코리아 순면 볼륨 카페트 세트(대형),TRUE,TRUE
100112,리앤코리아 순면 볼륨 카페트 세트(특대형),FALSE,TRUE
100113,무이자 리큅 블렌더 RPM CUBE,TRUE,FALSE
100113,일시불 리큅 블렌더 RPM CUBE,FALSE,TRUE
100114,통뼈 감자탕 8팩,FALSE,FALSE
100115,일시불 메디컬드림 롤링마사지기 (KMD-970),TRUE,FALSE
100115,무이자 메디컬드림 롤링마사지기 (KMD-970),FALSE,TRUE
100117,델첸  4in1 텀블러블랜더,FALSE,FALSE
100118,미바 이온칼슘 파운데이션 더블쿠션 RX,FALSE,FALSE
100124,헤스떼벨 웜 업 란쥬쉐이퍼,FALSE,FALSE
100125,네페르티티 유기농 퀸 석류즙 6박스,FALSE,FALSE
100126,퀸메이드 제로 청소기,FALSE,FALSE
100127,뱅뱅 남성 봄 데님팬츠 3종,TRUE,FALSE
100127,뱅뱅 여성 봄 데님팬츠 3종,TRUE,TRUE
100127,뱅뱅 남성 아웃도어 팬츠3종(2019 S/S),TRUE,TRUE
100127,뱅뱅 여성 아웃도어 팬츠3종(2019 S/S),TRUE,TRUE
100127,"뱅뱅 여성 간절기 데님팬츠 3종(KQE251, KQE253, KQE255)",TRUE,TRUE
100127,"뱅뱅 남성 간절기 데님팬츠 3종(GQE772, GQE774, GQE776)",FALSE,TRUE
100128,뱅뱅 남성 구스다운 2종,TRUE,FALSE
100128,뱅뱅 여성 구스다운 2종,TRUE,TRUE
100128,뱅뱅 남성 구스다운 2종(ARS),TRUE,TRUE
100128,뱅뱅 여성 구스다운 2종(ARS),FALSE,TRUE
100129,뱅뱅 남성 기모데님3종,TRUE,FALSE
100129,뱅뱅 여성 기모데님3종,TRUE,TRUE
100129,뱅뱅 남성 본딩기모데님3종,TRUE,TRUE
100129,뱅뱅 여성 본딩기모데님3종,TRUE,TRUE
100129,뱅뱅 여성 벨로아기모밴딩팬츠,FALSE,TRUE
100130,뱅뱅 남성 썸머 데님팬츠 3종(2019 S/S),TRUE,FALSE
100130,뱅뱅 여성 썸머 데님팬츠 3종(2019 S/S),FALSE,TRUE
100131,뱅뱅 남성 아웃도어 팬츠3종(2018 S/S),TRUE,FALSE
100131,뱅뱅 여성 아웃도어 팬츠3종(2018 S/S),FALSE,TRUE
100132,뱅뱅 남성 크롭 아웃도어 팬츠3종(2019 S/S),TRUE,FALSE
100132,뱅뱅 여성 크롭 아웃도어 팬츠3종(2019 S/S),FALSE,TRUE
100134,까사마루행거 2단,TRUE,FALSE
100134,까사마루 멀티행거 1세트,TRUE,TRUE
100134,까사마루 멀티행거 2세트,FALSE,TRUE
100135,까사마루 접이식 테이블 세트,TRUE,FALSE
100135,까사마루 접이식 테이블 세트(1+1세트),TRUE,TRUE
100135,까사마루 접이식 의자,TRUE,TRUE
100135,까사마루 접이식 벤치 의자(2인),FALSE,TRUE
100136,1+1보국미니히터(화이트+화이트 )BKH-1083P+BKH-1083P,TRUE,FALSE
100136,1+1보국미니히터(화이트+레드)BKH-1083P +BKH-1083PR,TRUE,TRUE
100136,한세트 보국미니히터(BKH-1083P/ BKH-1083PR),FALSE,TRUE
100139,보몽드 샐비어 시어서커 리플 침구세트 SS,TRUE,FALSE
100139,보몽드 샐비어 시어서커 리플 침구세트 Q,TRUE,TRUE
100139,보몽드 샐비어 시어서커 리플 침구세트 K,TRUE,TRUE
100139,보몽드 엘사 자수 쿨 시어서커 침구세트 SS,TRUE,TRUE
100139,보몽드 엘사 자수 쿨 시어서커 침구세트 Q,TRUE,TRUE
100139,보몽드 엘사 자수 쿨 시어서커 침구세트 K,TRUE,TRUE
100139,보몽드 엘사 자수 쿨 시어서커 침구세트 SK(슈퍼킹),FALSE,TRUE
100140,보몽드 순면60수 피그먼트워싱 침구세트 SS,TRUE,FALSE
100140,보몽드 순면60수 피그먼트워싱 침구세트 Q,TRUE,TRUE
100140,보몽드 순면60수 피그먼트워싱 침구세트 K,FALSE,TRUE
100142,보몽드 엘리 소프트플란넬 침구세트 SK(슈퍼킹),TRUE,FALSE
100142,보몽드 엘리 소프트플란넬 침구세트 K(킹),TRUE,TRUE
100142,보몽드 엘리 소프트플란넬 침구세트 Q(퀸),TRUE,TRUE
100142,보몽드 엘리 소프트플란넬 침구세트 SS(슈퍼싱글),FALSE,TRUE
100143,보몽드 카밀라 더블착번극세사 토퍼침구세트 SK(슈퍼킹),TRUE,FALSE
100143,보몽드 카밀라 더블착번극세사 토퍼침구세트 K(킹),TRUE,TRUE
100143,보몽드 카밀라 더블착번극세사 토퍼침구세트 Q(퀸),TRUE,TRUE
100143,보몽드 카밀라 더블착번극세사 토퍼침구세트 SS(슈퍼싱글),FALSE,TRUE
100144,보몽드 클라라 소프트플란넬 침구세트 SK(슈퍼킹),TRUE,FALSE
100144,보몽드 클라라 소프트플란넬 침구세트 K(킹),TRUE,TRUE
100144,보몽드 클라라 소프트플란넬 침구세트 Q(퀸),TRUE,TRUE
100144,보몽드 클라라 소프트플란넬 침구세트 SS(슈퍼싱글),FALSE,TRUE
100145,보몽드 헤르만 착번아웃 극세사 침구세트 SK(슈퍼킹),TRUE,FALSE
100145,보몽드 헤르만 착번아웃 극세사 침구세트 K(킹),TRUE,TRUE
100145,보몽드 헤르만 착번아웃 극세사 침구세트 Q(퀸),TRUE,TRUE
100145,보몽드 헤르만 착번아웃 극세사 침구세트 SS(슈퍼싱글),FALSE,TRUE
100146,일시불 브람스안마의자 럭셔리,TRUE,FALSE
100146,무이자 브람스안마의자 럭셔리,FALSE,TRUE
100147,블루콤 데시벨 블루투스이어폰 BCS-S1000,TRUE,FALSE
100147,블루콤 데시벨 블루투스이어폰 BCS-A1,FALSE,TRUE
100148,일시불 LG 울트라HD TV 55UK6800HNC,TRUE,FALSE
100148,무이자 LG 울트라HD TV 55UK6800HNC,TRUE,TRUE
100148,일시불 LG 울트라HD TV 65UK6800HNC,TRUE,TRUE
100148,무이자 LG 울트라HD TV 65UK6800HNC,TRUE,TRUE
100148,일시불 LG 울트라HD TV 70UK7400KNA,TRUE,TRUE
100148,무이자 LG 울트라HD TV 70UK7400KNA,TRUE,TRUE
100148,일시불 LG 울트라HD TV 70UK6800HNC,TRUE,TRUE
100148,무이자 LG 울트라HD TV 70UK6800HNC,TRUE,TRUE
100148,일시불 LG 울트라HD TV 75UK6200KNB,TRUE,TRUE
100148,무이자 LG 울트라HD TV 75UK6200KNB,TRUE,TRUE
100148,(삼성카드 6월 5%)무이자 LG 울트라HD TV 75UK6200KNB,TRUE,TRUE
100148,일시불 LG 울트라HD TV 75UK7400KNA,TRUE,TRUE
100148,무이자 LG 울트라HD TV 75UK7400KNA,TRUE,TRUE
100148,일시불 LG 울트라HD TV 55UM7900BNA,TRUE,TRUE
100148,무이자 LG 울트라HD TV 55UM7900BNA,TRUE,TRUE
100148,일시불 LG 울트라HD TV 65UM7900BNA,TRUE,TRUE
100148,무이자 LG 울트라HD TV 65UM7900BNA,TRUE,TRUE
100148,일시불 LG 울트라HD TV 75UM7900BNA,TRUE,TRUE
100148,무이자 LG 울트라HD TV 75UM7900BNA,TRUE,TRUE
100148,LG 울트라HD TV 55UM7900BNA,TRUE,TRUE
100148,LG 울트라HD TV 65UM7900BNA,TRUE,TRUE
100148,LG 울트라HD TV 75UM7900BNA,FALSE,TRUE
100149,일시불 LG 휘센 에어컨 위너 FQ17V8WWJ2(2in1),TRUE,FALSE
100149,무이자 LG 휘센 에어컨 위너 FQ17V8WWJ2(2in1),TRUE,TRUE
100149,LG 휘센 에어컨 위너 FQ17V9WWA1(스탠드),TRUE,TRUE
100149,무이자 LG 휘센 에어컨 위너 FQ17V8WWJ1(스탠드),TRUE,TRUE
100149,일시불 LG 휘센 씽큐 에어컨 2IN1형 FQ17V9KWA2,TRUE,TRUE
100149,무이자 LG 휘센 씽큐 에어컨 2IN1형 FQ17V9KWA2,TRUE,TRUE
100149,일시불 LG 휘센 씽큐 에어컨 스탠드형FQ17V9KWA1,TRUE,TRUE
100149,무이자 LG 휘센 씽큐 에어컨 스탠드형FQ17V9KWA1,TRUE,TRUE
100149,일시불 LG 휘센 싱큐 에어컨 2IN1형 FQ19V9KWA2,TRUE,TRUE
100149,무이자 LG 휘센 싱큐 에어컨 2IN1형 FQ19V9KWA2,TRUE,TRUE
100149,일시불 LG 휘센 씽큐 에어컨 스탠드형FQ19V9KWA1,TRUE,TRUE
100149,무이자 LG 휘센 씽큐 에어컨 스탠드형FQ19V9KWA1,FALSE,TRUE
100150,일시불 LG 통돌이 세탁기,TRUE,FALSE
100150,무이자 LG 통돌이 세탁기,TRUE,TRUE
100150,LG전자 통돌이 세탁기 TR14WK1(화이트),FALSE,TRUE
100151,일시불 LG 노트북 그램 15인치 15Z980-L.AR1DK,TRUE,FALSE
100151,무이자 LG 노트북 그램 15인치 15Z980-L.AR1DK,TRUE,TRUE
100151,일시불 LG 노트북 그램 15인치 15Z980-G.AR3DK,TRUE,TRUE
100151,무이자 LG 노트북 그램 15인치 15Z980-G.AR3DK,FALSE,TRUE
100152,일시불 LG 코드제로 무선청소기 A950 (A958IA) 더블팩,TRUE,FALSE
100152,무이자 LG 코드제로 무선청소기 A950 (A958IA) 더블팩,TRUE,TRUE
100152,일시불 LG 코드제로 무선청소기 A940 (A948SA) 더블팩,TRUE,TRUE
100152,무이자 LG 코드제로 무선청소기 A940 (A948SA) 더블팩,TRUE,TRUE
100152,일시불 LG 코드제로 무선청소기 A930 (A938RA)싱글팩,TRUE,TRUE
100152,무이자 LG 코드제로 무선청소기 A930 (A938RA)싱글팩,TRUE,TRUE
100152,일시불 LG전자 코드제로 청소기 A978SA.AKOR,TRUE,TRUE
100152,무이자 LG전자 코드제로 청소기 A978SA.AKOR,FALSE,TRUE
100153,일시불 LG 퓨리케어 공기청정기 AS281DAW,TRUE,FALSE
100153,무이자 LG 퓨리케어 공기청정기 AS281DAW,TRUE,TRUE
100153,일시불 LG 퓨리케어 공기청정기 AS181DAW,TRUE,TRUE
100153,무이자 LG 퓨리케어 공기청정기 AS181DAW,TRUE,TRUE
100153,일시불 LG전자 휴대용 퓨리케어 미니 공청기,TRUE,TRUE
100153,무이자 LG전자 휴대용 퓨리케어 미니 공청기,FALSE,TRUE
100154,일시불 LG스타일러 의류관리기  (5벌)S5BB,TRUE,FALSE
100154,무이자 LG스타일러 의류관리기  (5벌)S5BB,TRUE,TRUE
100154,일시불 LG스타일러 의류관리기,TRUE,TRUE
100154,무이자 LG스타일러 의류관리기,FALSE,TRUE
100155,일시불 LG전자 매직스페이스 냉장고,TRUE,FALSE
100155,무이자 LG전자 매직스페이스 냉장고,TRUE,TRUE
100155,일시불 LG전자 노크온 매직스페이스 냉장고 S831SN75,TRUE,TRUE
100155,무이자 LG전자 노크온 매직스페이스 냉장고 S831SN75,FALSE,TRUE
100156,일시불 LG전자 로보킹 터보 R46RIM,TRUE,FALSE
100156,무이자 LG전자 로보킹 터보 R46RIM,FALSE,TRUE
100157,일시불 LG트롬 건조기 16kg RH16WN(화이트),TRUE,FALSE
100157,무이자 LG트롬 건조기 16kg RH16WN(화이트),TRUE,TRUE
100157,일시불 LG트롬 건조기 14kg RH14VN(실버),TRUE,TRUE
100157,무이자 LG트롬 건조기 14kg RH14VN(실버),TRUE,TRUE
100157,일시불 LG트롬 건조기 14kg RH14WN(화이트),TRUE,TRUE
100157,무이자 LG트롬 건조기 14kg RH14WN(화이트),FALSE,TRUE
100158,시스마르스 보헤미안 소가죽 샌들+뮬 슬리퍼,FALSE,FALSE
100161,시스마르스 플렉시블 웨지 펌프스,FALSE,FALSE
100162,트레스패스 여성 다이얼 트레킹화 세트,TRUE,FALSE
100162,트레스패스 남성 다이얼 트레킹화 세트,FALSE,TRUE
100163,트레스패스 남성 다이얼락 방한화 + 기모 워킹화 2종,TRUE,FALSE
100163,트레스패스 여성 다이얼락 방한화 + 기모 워킹화 2종,FALSE,TRUE
100164,트레스패스 남성 에어 워킹화 + 러닝화 2종,TRUE,FALSE
100164,트레스패스 여성 에어 워킹화 + 러닝화 2종,FALSE,TRUE
100165,명인 김규흔의 영양 강정바 60개+무료체험5개,FALSE,FALSE
100166,영광 生 모시떡 100개!!(동부기피70개+검정깨30개),TRUE,FALSE
100166,영광 生 모시떡 90개+찰보리식혜(동부기피70개+검정깨20개),TRUE,TRUE
100166,영광 生 모시떡 130개(동부기피80개+검정깨50개),FALSE,TRUE
100167,유귀열의 귀한 갓김치3kg+총각김치3kg (총6kg),TRUE,FALSE
100167,"유귀열의 The 귀한 갓김치3kg+열무김치3kg, 총6kg",TRUE,TRUE
100167,"유귀열의 The 귀한 갓김치4kg+오이소박이2kg, 총6kg",FALSE,TRUE
100168,유귀열의 The 귀한 꼬리곰탕 8팩,FALSE,FALSE
100169,유귀열의 The 귀한 능이 누룽지삼계탕 8팩,FALSE,FALSE
100170,유귀열의 The 귀한 치마살,FALSE,FALSE
100171,유귀열의 The 귀한 한우 한판 12팩,FALSE,FALSE
100172,유귀열의 The귀한 소한마리찜 7팩+무료체험1팩,TRUE,FALSE
100172,"유귀열의 The귀한 소한마리세트 8팩(찜+탕),무료체험1팩포함",FALSE,TRUE
100173,제옥스  남성 가죽 스니커즈,TRUE,FALSE
100173,제옥스  여성 어글리스니커즈,TRUE,TRUE
100173,제옥스  남성 가죽 스니커즈(V),TRUE,TRUE
100173,제옥스  여성 어글리스니커즈(V),FALSE,TRUE
100174,일)자미코코 3단 매트릭스 싱글,TRUE,FALSE
100174,일)자미코코 3단 매트릭스 더블,TRUE,TRUE
100174,무)자미코코 3단 매트릭스 싱글,TRUE,TRUE
100174,무)자미코코 3단 매트릭스 더블,TRUE,TRUE
100174,초특가 자미코코 텐셀 3단 접이식  매트 더블 + 경추베개,TRUE,TRUE
100174,초특가 자미코코 3단 접이식 텐셀 매트 싱글 + 경추베개,FALSE,TRUE
100175,바두기 무선 에어 바리캉,FALSE,FALSE
100176,사운드룩 올인원 LP턴테이블 오디오 SLT-5080PRO,TRUE,FALSE
100176,사운드룩  LP턴테이블 오디오 SLT-7080BT,TRUE,TRUE
100176,사운드룩 포터블 블루투스 LP턴테이블 SLT-100BT,FALSE,TRUE
100177,[맛있는 제주]손질 생선 3대세트(광어+갈치+고등어),TRUE,FALSE
100177, [맛있는 제주]손질 생선 3대세트+흑돼지구이(광어+갈치+고등어,TRUE,TRUE
100177,제주갈치고등어구이세트,FALSE,TRUE
100178,메디앤서 생콜라겐 마스크팩,FALSE,FALSE
100179,무이자 쓰임 마리벨 4인 홈세트 27P,TRUE,FALSE
100179,일시불 쓰임 마리벨 4인 홈세트 27P,FALSE,TRUE
100180,쓰임 마호가니 원목도마 4종 세트,FALSE,FALSE
100181,[유리진] 19Fall 코튼블렌딩 실켓티블라우스5종,FALSE,FALSE
100182,일시불 선일금고 이볼브 시리즈 EV-040,TRUE,FALSE
100182,무이자 선일금고 이볼브 시리즈 EV-040,TRUE,TRUE
100182,일시불 선일금고 이볼브 시리즈 EV-020,TRUE,TRUE
100182,무이자 선일금고 이볼브 시리즈 EV-020,FALSE,TRUE
100184,[DIOR] 선글라스 (SIDERAL),FALSE,FALSE
100185,2019 S/S 엘리자베스아덴 선글라스 2종,TRUE,FALSE
100185,2019 S/S 기라로쉬 올인원 선글라스,FALSE,TRUE
100187,마이클코어스 소피아 라지 사첼,TRUE,FALSE
100187,마이클코어스 젯셋 아이템 라지 체인 숄더,FALSE,TRUE
100188,코치 노리타 리스틀릿,TRUE,FALSE
100188,코치 아웃라인 파일백,TRUE,TRUE
100188,코치 시그니처 숄더백,TRUE,TRUE
100188,코치 시그니처 켈시 사첼,FALSE,TRUE
100189,코치 리스틀릿,TRUE,FALSE
100189,코치 베네트 사첼백,TRUE,TRUE
100189,코치 미네타 크로스바디백,TRUE,TRUE
100189,코치 엠마 사첼백,TRUE,TRUE
100189,코치 시그니처 켈시 사첼백,TRUE,TRUE
100189,코치 뉴 베네트 크로스백,TRUE,TRUE
100189,코치 라일라 더블 크로스백,TRUE,TRUE
100189,코치 뉴 미아 숄더백,TRUE,TRUE
100189,코치 엠마 라지 사첼,TRUE,TRUE
100189,코치 플라이트백,TRUE,TRUE
100189,코치 시그니처 레더 켈시 사첼백,TRUE,TRUE
100189,코치 시그니처 에터 캐리올,FALSE,TRUE
100190,코치 플라이트백,TRUE,FALSE
100190,코치 아이비 메신저 크로스백,TRUE,TRUE
100190,코치 앤디 백팩,FALSE,TRUE
100191,댄스킨 매쉬 풀커버 쉐이핑 브라패키지,FALSE,FALSE
100192,레이프릴 골드라벨 무빙 란쥬,TRUE,FALSE
100192,레이프릴 쿨 보정런닝,TRUE,TRUE
100192,레이프릴 풍기인견 복부 쉐이핑 거들팬티 10종,TRUE,TRUE
100192,레이프릴 퍼펙트 핏 란쥬패키지,TRUE,TRUE
100192,레이프릴 풍기인견 힐링 란쥬,FALSE,TRUE
100193,레이프릴 무빙 맥시풀커버 브라팬티,TRUE,FALSE
100193,레이프릴 무빙 맥시풀커버 브라팬티(리뉴얼),TRUE,TRUE
100193,레이프릴 핏 쿨 브라패키지,TRUE,TRUE
100193,레이프릴 네추럴 쿨 쉐이핑 브라패키지,FALSE,TRUE
100194,레이프릴 더블엑스 매직니퍼팬티(FW리뉴얼),FALSE,FALSE
100195,레이프릴 오가닉 코튼 보정팬티 12종,FALSE,FALSE
100196,오델로 2019 여성용 여름모자 3종,FALSE,FALSE
100197,오델로 여성 모자 3종,TRUE,FALSE
100197,오델로 여성 겨울모자 3종,TRUE,TRUE
100197,오델로 남성 겨울모자 3종,TRUE,TRUE
100197,오델로 겨울모자 3종 (2차),FALSE,TRUE
100198,소들녘 더 맛있는 NEW  돼지왕구이 12팩,FALSE,FALSE
100199,소들녘 소 갈비탕,TRUE,FALSE
100199,소들녘 소 갈비탕 10팩,FALSE,TRUE
100200,효재 자수 광목 워싱 침구세트 슈퍼싱글,TRUE,FALSE
100200,효재 자수 광목 워싱 침구세트 퀸,TRUE,TRUE
100200,효재 자수 광목 워싱 침구세트 킹,TRUE,TRUE
100200,효재 화원 자수 광목워싱 침구세트 킹,TRUE,TRUE
100200,효재 화원 자수 광목워싱 침구세트 퀸,TRUE,TRUE
100200,효재 화원 자수 광목워싱 침구세트 슈퍼싱글,TRUE,TRUE
100200,효재 동백 자수 광목 워싱차렵침구세트K,TRUE,TRUE
100200,효재 동백 자수 광목 워싱차렵침구세트Q,TRUE,TRUE
100200,효재 동백 자수 광목 워싱차렵침구세트SS,FALSE,TRUE
100201,올바로바른자세밴드 2종세트,FALSE,FALSE
100202,임성근의 녹용도가니탕 풀세트,FALSE,FALSE
100203,(일)[보루네오] 피올레 천연소가죽 소파 3인용,TRUE,FALSE
100203,(무)[보루네오] 피올레 천연소가죽 소파 3인용,TRUE,TRUE
100203,(일)[보루네오] 피올레 천연소가죽 소파 4인용,TRUE,TRUE
100203,(무)[보루네오] 피올레 천연소가죽 소파 4인용,TRUE,TRUE
100203,(일)[보루네오] 피올레 천연소가죽 소파 6인용,TRUE,TRUE
100203,(무)[보루네오] 피올레 천연소가죽 소파 6인용,FALSE,TRUE
100204,(일)보루네오 델라 원목 베드룸 세트1(프레임+매트리스+화장대+협탁),TRUE,FALSE
100204,(무)보루네오 델라 원목 베드룸 세트1(프레임+매트리스+화장대+협탁),TRUE,TRUE
100204,(일)보루네오 델라 원목 베드룸 세트2(프레임+화장대+협탁),TRUE,TRUE
100204,(무)보루네오 델라 원목 베드룸 세트2(프레임+화장대+협탁),TRUE,TRUE
100204,보루네오 델라 원목 베드룸 세트3(프레임+매트리스),TRUE,TRUE
100204,보루네오 델라 원목 거실장,FALSE,TRUE
100205,보루네오 루나 유로탑 멀티수납형 LED 침대 SS 슈퍼싱글,TRUE,FALSE
100205,보루네오 루나 유로탑 멀티수납형 LED 침대 Q 퀸,TRUE,TRUE
100205,보루네오 루나 유로탑 멀티수납형 LED 침대 K 킹,TRUE,TRUE
100205,(일)보루네오 유로탑 가죽 침대 슈퍼싱글,TRUE,TRUE
100205,(무)보루네오 유로탑 가죽 침대 슈퍼싱글,TRUE,TRUE
100205,(일)보루네오 유로탑 가죽 침대 퀸,TRUE,TRUE
100205,(무)보루네오 유로탑 가죽 침대 퀸,TRUE,TRUE
100205,(일)보루네오 유로탑 가죽 침대 킹,TRUE,TRUE
100205,(무)보루네오 유로탑 가죽 침대 킹,TRUE,TRUE
100205,보루네오 루나시즌2 유로탑 멀티수납형 LED침대 슈퍼싱글,TRUE,TRUE
100205,보루네오 루나시즌2 유로탑 멀티수납형 LED침대 퀸,TRUE,TRUE
100205,보루네오 루나시즌2 유로탑 멀티수납형 LED침대 킹,FALSE,TRUE
100206,보루네오 심플 광폭 서랍장 800 5단,TRUE,FALSE
100206,보루네오 심플 광폭 서랍장 1000 5단,TRUE,TRUE
100206,보루네오 심플 광폭 서랍장 800 3단,FALSE,TRUE
100208,완벽더블구성 바로톡 싱크대 거름통,TRUE,FALSE
100208,기본구성 바로톡 싱크대 거름통,FALSE,TRUE
100209,무이자  모즈 커피머신&미니오븐,TRUE,FALSE
100209,일시불  모즈 커피머신&미니오븐,TRUE,TRUE
100209,무이자  모즈 커피머신,TRUE,TRUE
100209,일시불  모즈 커피머신,TRUE,TRUE
100209,무이자  모즈 미니오븐,TRUE,TRUE
100209,일시불  모즈 미니오븐,FALSE,TRUE
100210,무이자 전기식 회전통그릴 드럼쿡,TRUE,FALSE
100210,일시불 전기식 회전통그릴 드럼쿡,FALSE,TRUE
100211,스포메틱스 네츄럴 선스틱,TRUE,FALSE
100211,스포메틱스 그린 네츄럴 선쿠션,FALSE,TRUE
100212,스포메틱스 리얼핏 모이스춰라이징 코코넛크림,FALSE,FALSE
100213,스포메틱스 트리플 샤이닝 쿠션(이데베논앰플),TRUE,FALSE
100213,스포메틱스 트리플 샤이닝 쿠션시즌1,FALSE,TRUE
100214,에르나벨 체크배색 데일리 트렌치코트,FALSE,FALSE
100215,세인트스코트 얼티밋 캐리어 7종 세트(백팩),FALSE,FALSE
100216,실바트 인덕션 우든후라이팬 5종세트,FALSE,FALSE
100217,트라이 브라이트(LED 전등) 3세트,TRUE,FALSE
100217,트라이 브라이트(LED 전등) 2세트,TRUE,TRUE
100217,트라이 브라이트(LED 전등) 1세트,FALSE,TRUE
100218,썸덱스 클레오 여행가방 9종세트,TRUE,FALSE
100218,일시불 썸덱스 트로이카 여행가방 10종세트,TRUE,TRUE
100218,무이자 썸덱스 트로이카 여행가방 10종세트,FALSE,TRUE
100219,썸덱스 쉬룰 데일리 백팩 5종 세트,FALSE,FALSE
100220,뉴질랜드 초록입홍합 환 100%,FALSE,FALSE
100221,도네이 남성 터틀넥 스웨터 4종,TRUE,FALSE
100221,도네이 여성 터틀넥 스웨터 4종,FALSE,TRUE
100222,아문센 남성 윈터 하드쉘 세트,TRUE,FALSE
100222,아문센 여성 윈터 하드쉘 세트,FALSE,TRUE
100224,리복 스피드윅 드로즈 12종,TRUE,FALSE
100224,리복 델타 피트니스 트렁크 8종,TRUE,TRUE
100224,리복 스피드윅 런닝 6종,TRUE,TRUE
100224,리복 델타 피트니스 드로즈 12종,FALSE,TRUE
100225,리복 델타 피트니스 드로즈 12종,TRUE,FALSE
100225,리복 델타 피트니스 트렁크 8종,TRUE,TRUE
100225,리복 스피드윅 런닝 6종,FALSE,TRUE
100226,코이모 리빙박스 8종,TRUE,FALSE
100226,가)세렌셉템버 다이아 체크 리빙박스+압축팩,TRUE,TRUE
100226,발렌티노루디 헤링본 리빙박스 6종,FALSE,TRUE
100227,씨엔지코리아 방역용마스크 KF94 60매,FALSE,FALSE
100228,구스터 티포트 1세트,TRUE,FALSE
100228,구스터 티포트 1+1 세트,FALSE,TRUE
100229,벨라홈 논슬립 옷걸이 세트,TRUE,FALSE
100229,벨라홈 논슬립 옷걸이 세트 1+1,TRUE,TRUE
100229,국내제조 벨라홈 논슬립 옷걸이 세트,FALSE,TRUE
100230,뉴 벨라홈 리클라이닝 소파,FALSE,FALSE
100231,키친플라워 대용량 디지털 에어프라이어 5L,TRUE,FALSE
100231,일시불 키친플라워 대용량 에어프라이어 5.8L,TRUE,TRUE
100231,무이자 키친플라워 대용량 에어프라이어 5.8L,FALSE,TRUE
100232,바치 소가죽 기능성 마술벨트,FALSE,FALSE
100233,벨라홈 2way  타퍼 꿀잠 매트리스 퀸 세트,TRUE,FALSE
100233,벨라홈 2way  타퍼 꿀잠 매트리스  싱글 세트,TRUE,TRUE
100233,벨라홈 2way  타퍼 꿀잠 매트리스  퀸+ 싱글 세트,FALSE,TRUE
100234,벨라홈 릴렉스 체어,FALSE,FALSE
100235,벨라홈 세균잡는 행주티슈 17팩,TRUE,FALSE
100235,벨라홈 세균잡는 행주티슈 26팩,FALSE,TRUE
100236,벨라홈 스마트 멀티포트 1+1 세트,FALSE,FALSE
100237,이지엔 슬라이더 지퍼백,FALSE,FALSE
100238,초특가  국내제조 센스하우스 실크단열벽지 30M,TRUE,FALSE
100238,초특가  국내제조 센스하우스 실크단열벽지 20M,TRUE,TRUE
100238,초특가  국내제조 센스하우스 실크단열벽지10M,FALSE,TRUE
100239,초특가 센스하우스 리빙박스,FALSE,FALSE
100240,키친아트 스마트뷰 스텐밀폐용기 20종,TRUE,FALSE
100240,키친아트 스마트뷰 스텐밀폐용기 9종,TRUE,TRUE
100240,키친아트 김장용 대용량 스텐용기,FALSE,TRUE
100241,키친아트 스텐밀폐용기 세트,FALSE,FALSE
100242,키친플라워 그린 후레쉬 세트,FALSE,FALSE
100243,키친플라워 참소쿠리 2세트,TRUE,FALSE
100243,키친플라워 참소쿠리 1세트,FALSE,TRUE
100244,라라츄 틴트 아이브로우 바,FALSE,FALSE
100245,라라츄 헤어볼륨쿠션,FALSE,FALSE
100246,아르테사노 리얼 카이만악어 토트백,TRUE,FALSE
100246,아르테사노 리얼 카이만악어 바디숄더백,TRUE,TRUE
100246,아르테사노 리얼 카이만악어 테일숄더백,FALSE,TRUE
100247,네오젠 에이지큐어 원미닛 링클 리프트,FALSE,FALSE
100248,[K-SWISS] 19 F/W 남성 패딩 트랙수트 2종,TRUE,FALSE
100248,[K-SWISS] 19 F/W 여성 패딩 트랙수트 2종,FALSE,TRUE
100249,[K-SWISS] 19F/W 남성 웜테크 벤치코트,TRUE,FALSE
100249,[K-SWISS] 19F/W 여성 웜테크 벤치코트,TRUE,TRUE
100249,[K-SWISS] 19F/W 남성 벤치코트,TRUE,TRUE
100249,[K-SWISS] 19F/W 여성 벤치코트,FALSE,TRUE
100250,K-SWISS 남성약기모팬츠3종,TRUE,FALSE
100250,K-SWISS 남성 아웃도어 팬츠3종,TRUE,TRUE
100250,K-SWISS 여성 아웃도어 팬츠3종,TRUE,TRUE
100250,K-SWISS 남성 약기모 팬츠3종,FALSE,TRUE
100251,K-SWISS 남성기모티셔츠 5종,TRUE,FALSE
100251,K-SWISS 여성기모티셔츠 5종,TRUE,TRUE
100251,K-SWISS 남성에어핏트랙수트,TRUE,TRUE
100251,K-SWISS 여성에어핏트랙수트,TRUE,TRUE
100251,K-SWISS 남성이너티셔츠5종,TRUE,TRUE
100251,K-SWISS 여성이너티셔츠5종,TRUE,TRUE
100251,K-SWISS 남성PK티셔츠4종,TRUE,TRUE
100251,K-SWISS 여성PK티셔츠4종,TRUE,TRUE
100251,K-SWISS 남성PK티셔츠4종(6월),TRUE,TRUE
100251,K-SWISS 여성PK티셔츠4종(6월),FALSE,TRUE
100252,K-SWISS 남성이너티셔츠5종,TRUE,FALSE
100252,K-SWISS 여성이너티셔츠5종,FALSE,TRUE
100253,안동간고등어 20팩,FALSE,FALSE
100254,무이자 스마트코너 초고속블렌더 비앙코 볼토,TRUE,FALSE
100254,일시불 스마트코너 초고속블렌더 비앙코 볼토,FALSE,TRUE
100255,한일 대용량 스텐 분쇄믹서기,FALSE,FALSE
100256,한일 자동 빨래 삶통 BW-700,FALSE,FALSE
100257,아주아 니트 앙상블 2종,FALSE,FALSE
100258,블링썸 데스트니 아이라이너,FALSE,FALSE
100260,블링썸 아이스타일러SET,FALSE,FALSE
100262,더블모 어성초 샴푸,FALSE,FALSE
100263,"밀싹 클렌즈 8박스, 8주분! + 전용보틀",FALSE,FALSE
100264,셀렉프로 뚝배기 전기밥솥(멀티쿠커),FALSE,FALSE
100265,[살롱클리닉]샤이닝 트리트먼트 헤어컬러크림세트,FALSE,FALSE
100266,마리끌레르 파리컬렉션 리얼 하이드로 립스틱(리뉴얼),TRUE,FALSE
100266,마리끌레르 파리컬렉션 리얼 하이드로 립스틱(2019리뉴얼),TRUE,TRUE
100266,마리끌레르 파리컬렉션 리얼 하이드로 립스틱(마스카라),FALSE,TRUE
100267,스칼프솔루션 트리트먼트 패키지,FALSE,FALSE
100268,[헤스티지] 여성 스타디움 자켓,TRUE,FALSE
100268,[헤스티지] 남성 스타디움 자켓,FALSE,TRUE
100269,[헤스티지] 레나 폭스퍼후드 덕다운롱코트,FALSE,FALSE
100270,헤스티지 마론 양가죽 남성집업재킷,TRUE,FALSE
100270,[헤스티지] 마론 양가죽 남성집업재킷,FALSE,TRUE
100271,헤스티지 엘레나 라쿤양가죽 콤비 롱코트,TRUE,FALSE
100271,헤스티지 그레이스 양가죽 코트,TRUE,TRUE
100271,헤스티지 미즈 양가죽 롱코트,TRUE,TRUE
100271,[헤스티지] 미즈 양가죽 롱코트,FALSE,TRUE
100272,헤스티지 그레이스 양가죽 코트,FALSE,FALSE
100274,조방할매 낙곱새 6팩세트,FALSE,FALSE
100275,몬테밀라노 크루즈 이지웨어 패키지,FALSE,FALSE
100276,몬테밀라노 어메이징핏 하이웨스트 팬티 10종,FALSE,FALSE
100277,몬테밀라노 웜기모 치마레깅스 4종,FALSE,FALSE
100278,몬테밀라노 컴포트앤핏 브라팬티 5+5세트,FALSE,FALSE
100279,실크플러스 by 투홀릭 풍기인견 트렁크 패키지,TRUE,FALSE
100279,실크플러스 by 투홀릭 풍기인견 드로즈 패키지,FALSE,TRUE
100280,에버라스트 남성 기능성 에어로웜 동내의 3세트,TRUE,FALSE
100280,에버라스트 여성 기능성 에어로웜 동내의 3세트,FALSE,TRUE
100281,초특가)에버라스트 드로즈 10+4종,TRUE,FALSE
100281,에버라스트 드로즈 10+4종,FALSE,TRUE
100282,헤스티지 린넨블랜딩 티블라우스 5종,TRUE,FALSE
100282,헤스티지 린넨블랜딩 티블라우스 10종,FALSE,TRUE
100283,실크트리 풍기인견 데일리 쿨 이지탑 패키지,FALSE,FALSE
100284,실크트리 풍기인견 썸머 풀코디 이지웨어세트,FALSE,FALSE
100285,실크트리 풍기인견 이지웨어 원피스 패키지,FALSE,FALSE
100286,실크트리 풍기인견 쿨 메쉬 브라팬티 패키지,FALSE,FALSE
100287,실크트리 풍기인견 쿨란쥬 패키지(19SS),FALSE,FALSE
100288,히트융 극세사 퍼융기모 남성 동내의 패키지,TRUE,FALSE
100288,히트융 극세사 퍼융기모 여성 동내의 패키지,FALSE,TRUE
100289,일시불 대우전자 미니건조기 DWR-03IDDC,TRUE,FALSE
100289,무이자 대우전자 미니건조기 DWR-03IDDC,TRUE,TRUE
100289,일시불 대우전자 미니건조기 DWR-03IDWH,TRUE,TRUE
100289,무이자 대우전자 미니건조기 DWR-03IDWH,FALSE,TRUE
100290,일시불 대우전자 벽걸이 에어컨 DOZ-S06JK,TRUE,FALSE
100290,무이자 대우전자 벽걸이 에어컨 DOZ-S06JK,TRUE,TRUE
100290,일시불 대우전자 벽걸이 에어컨TDOZ-S10JK,TRUE,TRUE
100290,무이자 대우전자 벽걸이 에어컨 TDOZ-S10JK,TRUE,TRUE
100290,무이자 대우전자 벽걸이 에어컨TDOZ-S10JK,FALSE,TRUE
100292,[가이거] 블랙 에디션 다이아몬드 워치(여성용),TRUE,FALSE
100292,[가이거] 블랙 에디션 다이아몬드 워치(남성용),TRUE,TRUE
100292, [가이거] 블랙 에디션 다이아몬드 워치(여성용),TRUE,TRUE
100292, [가이거] 블랙 에디션 다이아몬드 워치(남성용),FALSE,TRUE
100293,일시불[가이거] 제니스시계 주얼리세트,TRUE,FALSE
100293,무이자[가이거] 제니스시계 주얼리세트,TRUE,TRUE
100293,일시불[가이거] 콘체르토 다이아몬드 워치(주얼리3종),TRUE,TRUE
100293,무이자[가이거] 콘체르토 다이아몬드 워치(주얼리3종),TRUE,TRUE
100293,일시불[가이거] 무빙스타 다이아몬드 워치,TRUE,TRUE
100293,무이자[가이거] 무빙스타 다이아몬드 워치,TRUE,TRUE
100293,[일시불] 가이거 무빙스타 다이아몬드 워치+보석함,TRUE,TRUE
100293,[무이자] 가이거 무빙스타 다이아몬드 워치+보석함,FALSE,TRUE
100294,세균싹 행주티슈,FALSE,FALSE
100295,베스트 하임 에어프라이어,TRUE,FALSE
100295,베스트하임 더 담백한  에어프라이어 대용량  5.5L,FALSE,TRUE
100296,[EXR] 19 F/W 여성 리버시블 자켓,TRUE,FALSE
100296,[EXR] 19 F/W 남성 리버시블 자켓,FALSE,TRUE
100297,[EXR] 19 F/W 여성 멀티패키지 3종 세트,TRUE,FALSE
100297,[EXR] 19 F/W 남성 멀티패키지 3종 세트,FALSE,TRUE
100298,EXR 19 F/W 여성 퍼포먼스 패딩 점퍼,TRUE,FALSE
100298,EXR 19 F/W 남성 퍼포먼스 패딩 점퍼,FALSE,TRUE
100299, 한국인 모유유래 다이어트 유산균 BNR17 비에날씬 12주(3박스),FALSE,FALSE
100300,[통영바다의보물] 국내산 냉동 참굴 200g x (10팩+2팩),FALSE,FALSE
100302,오모떼 모달 웜 이너웨어 6종세트,TRUE,FALSE
100302,[완벽더블]오모떼 모달 웜 이너웨어 3세트+3세트,FALSE,TRUE
100304,LSX라이크라 스포츠 브라팬티10종,FALSE,FALSE
100305,오모떼 레이스 파운데이션 브라,TRUE,FALSE
100305,오모떼 360도 텐션업 레이스 패키지 시즌4,TRUE,TRUE
100305,오모떼 프런트후크 데오브라 시즌2,TRUE,TRUE
100305,오모떼 리얼스킨 쉐이핑 브라팬티,TRUE,TRUE
100305,오모떼 에어홀릭 브라팬티,TRUE,TRUE
100305,오모떼 미라클쉐이핑 브라팬티 시즌2,TRUE,TRUE
100305,오모떼 프런트후크 프레쉬 데오브라 시즌3,TRUE,TRUE
100305,오모떼 쉐이핑차 브라팬티 10종,TRUE,TRUE
100305,오모떼 레이스홀릭 시즌5 브래팬티10종,TRUE,TRUE
100305,오모떼 미라클쉐이핑 브라팬티 시즌3,TRUE,TRUE
100305,오모떼 프런트후크 프레쉬 데오브라 시즌4,TRUE,TRUE
100305,오모떼 쉐이핑 브라팬티 10종,TRUE,TRUE
100305,오모떼 쉐이핑 브라팬티 10종(7월),TRUE,TRUE
100305,오모떼 미라클쉐이핑 브라팬티 시즌4,TRUE,TRUE
100305,오모떼 레이스홀릭 시즌5 브라팬티10종(8월),TRUE,TRUE
100305,오모떼 360도 텐션업 레이스 패키지 시즌5,FALSE,TRUE
100306,오모떼 데오 쿨 란쥬쉐이퍼 8종,FALSE,FALSE
100307,오모떼 드레스핏 웜 쉐이퍼 패키지,FALSE,FALSE
100308,오모떼 오리지널 쉐이핑 브라팬티 시즌2,FALSE,FALSE
100309,닥터 슈퍼 루테인,FALSE,FALSE
100310,닥터 프리바이오틱스 플러스,FALSE,FALSE
100311,파격가 굿프렌드  스트레칭 안마 매트 GOOD-A7,FALSE,FALSE
100312, 블랙모어스 알티지 오메가3 3병 (53주분),TRUE,FALSE
100312,블랙모어스 알티지 오메가3 3병 (53주분),FALSE,TRUE
100314,엘렌실라&코즈미 쑥클렌져,TRUE,FALSE
100314,(일시불)엘렌실라&코즈미 쑥클렌져(단하루),TRUE,TRUE
100314,(무이자)엘렌실라&코즈미 쑥클렌져(단하루),FALSE,TRUE
100315,(직매입) 종근당건강 아이클리어 루테인,FALSE,FALSE
100316,KF94 엔웰스황사방역마스크 100매,FALSE,FALSE
100317,국내산 손질 햇 갑오징어 9팩,FALSE,FALSE
100318,김선영 정성한끼 LA갈비 6팩,FALSE,FALSE
100319,엘렌실라 에스까르고에센스 커버쿠션,FALSE,FALSE
100320,올바로 문어발 샤워기 1+1,TRUE,FALSE
100320,올바로 문어발 샤워기 1세트,FALSE,TRUE
100321,통째로 착즙한 루비 석류즙 84포,FALSE,FALSE
100322,국내산 손질갑오징어 8팩,TRUE,FALSE
100322,국내산 손질갑오징어 9팩,TRUE,TRUE
100322,국내산 특大손질갑오징어 6팩,FALSE,TRUE
100323,피시원 국내산 햇 손질문어 8팩,TRUE,FALSE
100323,피시원 국내산 햇 손질문어 7팩,FALSE,TRUE
100326,무이자 쿠진 통구이 스핀 바비큐 그릴,TRUE,FALSE
100326,일시불 쿠진 통구이 스핀 바비큐 그릴,FALSE,TRUE
100327,[VONIN]보닌 남성기초세트,FALSE,FALSE
100328,D)LG생활건강 히말라야 핑크솔트 화이트라벨 치약세트,FALSE,FALSE
100329,LG생활건강 건조기 시트 퍼퓸드몽드,FALSE,FALSE
100330,LG생활건강 테크 한장빨래 화이트업(30매X9박스),TRUE,FALSE
100330,LG생활건강 샤프란아우라 고농축 섬유유연제,FALSE,TRUE
100332,실크테라피 오리지널 에센스 패키지,FALSE,FALSE
100334,스칸디나비아 에어볼륨 롤업 매트리스(퀸+싱글),TRUE,FALSE
100334,스칸디나비아 에어볼륨 롤업 매트리스(퀸),TRUE,TRUE
100334,스칸디나비아 에어볼륨 롤업 매트리스(싱글),FALSE,TRUE
100335,더블유베일 캐시라이크 니트 4종,TRUE,FALSE
100335,더블유베일 소프트 마카롱 니트 5종,FALSE,TRUE
100336,더블유베일 풀스킨 폭스카라 머스크랫 코트,FALSE,FALSE
100337,거창특등급사과 5kg+5kg,TRUE,FALSE
100337,더커진거창특등급사과 5kg+5kg,FALSE,TRUE
100338,스튜디오럭스 밴딩팬츠 4종,FALSE,FALSE
100339,스튜디오럭스 터틀넥니트3종,FALSE,FALSE
100340,스튜디오럭스 후드롱구스다운코트,FALSE,FALSE
100341,아리스토우 남성 패딩트랙수트세트,TRUE,FALSE
100341,아리스토우 여성 패딩트랙수트세트,FALSE,TRUE
100342,아리스토우 남성기모티셔츠5종,TRUE,FALSE
100342,아리스토우 남성오가닉티셔츠,TRUE,TRUE
100342,아리스토우 여성오가닉티셔츠,FALSE,TRUE
100343,코펜하겐럭스 세미와이드팬츠,TRUE,FALSE
100343,코펜하겐럭스 코팅밴딩팬츠4종,FALSE,TRUE
100344,코펜하겐럭스 판초니트4종,FALSE,FALSE
100345,타운젠트 남성 썸머 정장팬츠3종,TRUE,FALSE
100345,타운젠트 남성 스포츠팬츠3종,FALSE,TRUE
100346,테이트 남성 셀린니트3종,TRUE,FALSE
100346,테이트 여성 셀린니트3종,TRUE,TRUE
100346,테이트 남성 기모티셔츠6종,TRUE,TRUE
100346,테이트 여성 기모티셔츠6종,TRUE,TRUE
100346,테이트 여성 SS 트렌치재킷,TRUE,TRUE
100346,테이트 남성 SS 트렌치재킷,TRUE,TRUE
100346,테이트 여성 티셔츠4종,TRUE,TRUE
100346,테이트 남성 오가닉티셔츠6종,TRUE,TRUE
100346,테이트 여성 오가닉티셔츠8종,TRUE,TRUE
100346,테이트 남성 모달 티셔츠5종,TRUE,TRUE
100346,테이트 여성 모달 티셔츠6종,TRUE,TRUE
100346,테이트 남성 오가닉 약기모티,TRUE,TRUE
100346,테이트 여성 오가닉 약기모티,FALSE,TRUE
100347,스피드랙 베이직 4단,TRUE,FALSE
100347,스피드랙 베이직 4단 1+1,FALSE,TRUE
100348,벨레즈온 브라캡 심리스 원피스 패키지,FALSE,FALSE
100351,마르엘라로사티 기모본딩팬츠,FALSE,FALSE
100352,마르엘라로사티 휘메일 풀스킨 밍크 후드코트,TRUE,FALSE
100352,마르엘라로사티 나파 휘메일 풀스킨 밍크하프코트 1종,TRUE,TRUE
100352,마르엘라로사티 휘메일 풀스킨 하이넥 밍크코트 1종,TRUE,TRUE
100352,마르엘라로사티 휘메일 풀스킨 밍크 후드코트(앱할인),TRUE,TRUE
100352,마르엘라로사티 나파 휘메일 풀스킨 밍크하프코트(11월),FALSE,TRUE
100353,마르엘라로사티 린넨 베스트 세트,TRUE,FALSE
100353,마르엘라로사티 롱블라우스3종,FALSE,TRUE
100354,마르엘라로사티 썸머 레이스 블라우스 3종,TRUE,FALSE
100354,마르엘라로사티 테일러드롱자켓1종,TRUE,TRUE
100354,마르엘라로사티 에코무스탕1종,FALSE,TRUE
100355,마르엘라로사티 썸머 와이드 팬츠 3종,FALSE,FALSE
100356,마르엘라로사티 에코무스탕1종,FALSE,FALSE
100357,마르엘라로사티 쿨썸머 데님 3종,FALSE,FALSE
100359,포항구룡포과메기세트,FALSE,FALSE
100360,무이자 밸런스파워 플래티늄,TRUE,FALSE
100360,일시불 밸런스파워 플래티늄,FALSE,TRUE
100362,에이유플러스 슈퍼선스틱 1001(쇼퍼백),FALSE,FALSE
100366,무이자 스위스밀리터리 에어프라이어,TRUE,FALSE
100366,일시불 스위스밀리터리 에어프라이어,FALSE,TRUE
100367,특집  이롬 황성주1일1생식 스페셜,FALSE,FALSE
100368,일시불 2019년 올뉴 숀리 스쿼트머신,TRUE,FALSE
100368,무이자 2019년 올뉴 숀리 스쿼트머신,FALSE,TRUE
100369,메시제이 퀼팅코트+퍼베스트,FALSE,FALSE
100371,무이자 아이오 진공포장기,TRUE,FALSE
100371,일시불 아이오 진공포장기,FALSE,TRUE
100372,(점보특대형)일월 온수 카페트매트,TRUE,FALSE
100372,(점보형)일월 온수 카페트매트,TRUE,TRUE
100372,(중형)일월 온수 카페트매트,TRUE,TRUE
100372,(퀸+퀸)일월 품안애 온수매트,TRUE,TRUE
100372,(킹+싱글)일월 품안애 온수매트,TRUE,TRUE
100372,(퀸+싱글)일월 품안애 온수매트,TRUE,TRUE
100372,(킹사이즈)일월 품안애 온수매트,TRUE,TRUE
100372,(퀸사이즈)일월 품안애 온수매트,TRUE,TRUE
100372,(싱글사이즈)일월 품안애 온수매트,TRUE,TRUE
100372,(더블+더블)일월 순면 온열매트,TRUE,TRUE
100372,(더블+싱글)일월 순면 온열매트,TRUE,TRUE
100372,(더블사이즈)일월 순면 온열매트,TRUE,TRUE
100372,(싱글사이즈)일월 순면 온열매트,TRUE,TRUE
100372,(점보특대형)일월 에너지세이브 카페트매트,TRUE,TRUE
100372,(점보형)일월 에너지세이브 카페트매트,TRUE,TRUE
100372,(중형)일월 에너지세이브 카페트매트,TRUE,TRUE
100372,(싱글+싱글)일월 품안애 온수매트,FALSE,TRUE
100373,(일)장수흙침대 S,TRUE,FALSE
100373,(무)장수흙침대 S,TRUE,TRUE
100373,(일)장수흙침대 Q,TRUE,TRUE
100373,(무)장수흙침대 Q,TRUE,TRUE
100373,(일)장수흙침대 싱글,TRUE,TRUE
100373,(무)장수흙침대 싱글,TRUE,TRUE
100373,(일)장수흙침대 퀸,TRUE,TRUE
100373,(무)장수흙침대 퀸,TRUE,TRUE
100373,(일)장수 클래식 흙카우치,TRUE,TRUE
100373,(무)장수 클래식 흙카우치,FALSE,TRUE
100374,19 SS USPA  남성 화이트라벨 폴로셔츠 3종,TRUE,FALSE
100374,19 SS USPA  여성 화이트라벨 폴로셔츠 3종,TRUE,TRUE
100374,USPA  남성 폴로셔츠 위켄드 컬렉션 3종,TRUE,TRUE
100374,USPA  여성 폴로셔츠 위켄드 컬렉션 3종,TRUE,TRUE
100374,USPA  남성 아동 반팔 폴로셔츠 3종,TRUE,TRUE
100374,USPA  여성 아동 반팔 폴로셔츠 3종,TRUE,TRUE
100374,2019 USPA 남성 썸머 화이트라벨 폴로셔츠 3종,TRUE,TRUE
100374,2019 USPA 여성 썸머 화이트라벨 폴로셔츠 3종,TRUE,TRUE
100374,USPA화이트라벨 남성맨투맨 4종,TRUE,TRUE
100374,USPA화이트라벨 여성맨투맨 4종,TRUE,TRUE
100374,USPA화이트라벨 남성트랙수트,TRUE,TRUE
100374,USPA화이트라벨 여성트랙수트,TRUE,TRUE
100374,USPA화이트라벨 남성기모티3종,TRUE,TRUE
100374,USPA화이트라벨 여성기모티3종,TRUE,TRUE
100374,USPA화이트라벨 남성모크넥세트,TRUE,TRUE
100374,USPA화이트라벨 여성모크넥세트,FALSE,TRUE
100375,USPA 남성 퀼팅자켓 1종,TRUE,FALSE
100375,USPA 여성 퀼팅자켓 1종,FALSE,TRUE
100376,USPA 화이트라벨 디태처블 롱패딩,TRUE,FALSE
100376,USPA 화이트라벨 디태처블 롱패딩 크롬,FALSE,TRUE
100377,그렉노먼 남성 구스다운 롱 벤치코트,TRUE,FALSE
100377,그렉노먼 여성 구스다운 롱 벤치코트,TRUE,TRUE
100377,그렉노먼 남성 캐시터치 터틀넥 4종,TRUE,TRUE
100377,그렉노먼 여성 캐시터치 터틀넥 4종,TRUE,TRUE
100377,그렉노먼 남성 봄 컬렉션 티셔츠 5종,TRUE,TRUE
100377,그렉노먼 여성 봄 컬렉션 티셔츠 5종,TRUE,TRUE
100377,그렉노먼 남성 디보티 컬렉션 트렌치코트 1종,TRUE,TRUE
100377,그렉노먼 여성 디보티 컬렉션 트렌치코트 1종,TRUE,TRUE
100377,그렉노먼 남성 아스킨 레이어 티셔츠 3종,TRUE,TRUE
100377,그렉노먼 여성 아스킨 레이어 티셔츠 3종,TRUE,TRUE
100377,그렉노먼 여성 폴로셔츠 5종,FALSE,TRUE
100378,베지밀 검은콩 두유  96팩,FALSE,FALSE
100379,무이자  니봇 진공+ 물걸레 듀얼 로봇청소기,TRUE,FALSE
100379,일시불  니봇 진공+ 물걸레 듀얼 로봇청소기,TRUE,TRUE
100379,파격가 니봇 무선 진공 물걸레 로봇청소기 +폴더블 헤어드라이어기,TRUE,TRUE
100379,파격가 니봇 무선 진공 물걸레 로봇청소기 +뉴헤어드라이어기,FALSE,TRUE
100380,릴리젼 PK 남성 티셔츠세트,TRUE,FALSE
100380,릴리젼 PK 여성 티셔츠세트,FALSE,TRUE
100382,뉴트리원 전지현 베리솔 콜라겐 구미(더블24주분+6일분),TRUE,FALSE
100382,뉴트리원 전지현 베리솔 콜라겐 구미(12주분+3일분),FALSE,TRUE
100385,메이듀 골드링 펌프스 + 베이직 펌프스 2종,FALSE,FALSE
100386,메이듀 남성 린넨 블렌디드 슬립온,TRUE,FALSE
100386,메이듀 여성 린넨 블렌디드 슬립온,FALSE,TRUE
100387,메이듀 코튼 티블라우스 5종,FALSE,FALSE
100389,[RYN] 린 남성 뉴웨이브 스니커즈,TRUE,FALSE
100389,[RYN] 린 여성 뉴웨이브 스니커즈,FALSE,TRUE
100390,[RYN] 린 남성 다이얼락 히트 웜 퍼 방한화 2종,TRUE,FALSE
100390,[RYN] 린 여성 다이얼락 히트 웜 퍼 방한화 2종,FALSE,TRUE
100391,이조농방 보령황토 흙침대 퀸사이즈(TQ100),TRUE,FALSE
100391,이조농방 보령황토 흙카우치소파(TC100),TRUE,TRUE
100391,[SET]이조농방 보령황토 흙침대 퀸사이즈+카우치소파,TRUE,TRUE
100391,이조농방 보령황토 흙침대 싱글사이즈(TS100),FALSE,TRUE
100392,[디즈니] 19 F/W 여성 기모 라운드 맨투맨 3종,TRUE,FALSE
100392,[디즈니] 19 F/W 남성 기모 라운드 맨투맨 3종,FALSE,TRUE
100394,19 F/W 디즈니 롱 벤치코트,FALSE,FALSE
100395,5세트 센티멘탈 디퓨저골드패키지,TRUE,FALSE
100395,1세트 센티멘탈 디퓨저골드,FALSE,TRUE
100397,ALL New 파워스윙 물걸레 진공청소기,FALSE,FALSE
100398,EXR 남성 워터 액티비티 5종,TRUE,FALSE
100398,EXR 여성 워터 액티비티 5종,FALSE,TRUE
100399,바바코코 젤네일스트립 SET,FALSE,FALSE
100400,OK 근육통완화 동전패치,FALSE,FALSE
100401,골드파일 카로 여행가방 9종 세트,FALSE,FALSE
100403,디즈니 19 SS 반팔스웻티셔츠  6종,FALSE,FALSE
100404,디즈니 여성 트랙수트 5종,TRUE,FALSE
100404,디즈니 남성 트랙수트 5종,FALSE,TRUE
100405,란체티 남성 융기모 히팅 동내의 패키지,TRUE,FALSE
100405,란체티 여성 융기모 히팅 동내의 패키지,FALSE,TRUE
100406,마모트 19 F/W 남성 네이처 수트 4종,TRUE,FALSE
100406,마모트 19 F/W 여성 네이처 수트 4종,FALSE,TRUE
100408,무이자 센스락무선진공포장기,TRUE,FALSE
100408,일시불 센스락무선진공포장기,FALSE,TRUE
100409,수련 무선 무릎 에어 온열 마사지기 SR823,FALSE,FALSE
100410,옥샘쿡 만능 가마솥 3종세트,FALSE,FALSE
100411,웰스락 원터치 슬라이드 특허  밀폐용기세트,FALSE,FALSE
100412,이동수골프 남성 썸머 밴딩팬츠 3종,TRUE,FALSE
100412,이동수골프 여성 썸머 밴딩팬츠 3종,FALSE,TRUE
100413,이동수골프 남성 원더 플렉스 본딩팬츠 3종,TRUE,FALSE
100413,이동수골프 여성 원더 플렉스 본딩팬츠 3종,FALSE,TRUE
100414,코몽트 기모 웜웨어 4종,FALSE,FALSE
100415,코몽트 기모 터틀넥 5종,FALSE,FALSE
100416,코몽트 남성 이너티셔츠 7종,TRUE,FALSE
100416,코몽트 남성 이너티셔츠6종,TRUE,TRUE
100416,코몽트 남성 메쉬티셔츠 7종,TRUE,TRUE
100416,코몽트 남성 프린트티셔츠8종,FALSE,TRUE
100417,코몽트 남성스포츠 팬츠3종,FALSE,FALSE
100418,코몽트 덤블 플리스 자켓 2종,FALSE,FALSE
100420,코몽트 패딩 3종세트,FALSE,FALSE
100421,킹스스파 편백 반신욕기,FALSE,FALSE
100422,팜스프링스 19 SS 남성 여름 쿨팬츠 4종,TRUE,FALSE
100422,팜스프링스 19 SS 여성 여름 쿨팬츠 4종,FALSE,TRUE
100423,팜스프링스 남성 패딩팬츠 3종,TRUE,FALSE
100423,팜스프링스 여성 패딩팬츠 3종,FALSE,TRUE
100427,무이자 프로피쿡 에어프라이어,TRUE,FALSE
100427,일시불 프로피쿡 에어프라이어,FALSE,TRUE
100430,(a4)팽현숙의 순대 곱창 전골&볶음,FALSE,FALSE
100432,무이자 하우홈 초고속 진공쿠킹블렌더,TRUE,FALSE
100432,일시불 하우홈 초고속 진공쿠킹블렌더,FALSE,TRUE
100433,스위스밀리터리 전동공구세트,FALSE,FALSE
100434,남해바다 손질왕꼬막살세트,FALSE,FALSE
100435,우리바다 손질왕꼬막 24팩,TRUE,FALSE
100435,우리바다 손질왕꼬막 20팩,FALSE,TRUE
100436,(점보)한솔 뉴청맥 온열 카페트매트,TRUE,FALSE
100436,(특대)한솔 뉴청맥 온열 카페트매트,TRUE,TRUE
100436,(대형)한솔 뉴청맥 온열 카페트매트,FALSE,TRUE
100438,AHC 스킨케어링 톤커버크림,FALSE,FALSE
100439,루시헨느 레이스 홀리데이 란쥬 패키지,FALSE,FALSE
100440,오가닉뷰티 쿨 번아웃 레이스 란쥬세트,TRUE,FALSE
100440,오가닉뷰티 360도 노라인 코튼 란쥬세트,TRUE,TRUE
100440,오가닉뷰티 웜  레이스 코튼 란쥬세트,FALSE,TRUE
100441,오가닉뷰티 쿨 번아웃 레이스 브라세트,TRUE,FALSE
100441,오가닉뷰티 360도 노라인 코튼 브라세트,FALSE,TRUE
100442,오가닉뷰티 프레쉬 코튼 맥시 팬티 10종 패키지,FALSE,FALSE
100443,오가닉뷰티 황후의 코르셋 리얼 쉐이핑 팬티 8종 패키지,FALSE,FALSE
100444,쿠미투니카 코르셋 하이웨스트 팬티세트,TRUE,FALSE
100444,쿠미투니카 롱 하이웨스트 팬티세트,FALSE,TRUE
100445,쿠미투니카 하이서포트 심리스  란쥬&팬티,TRUE,FALSE
100445,쿠미투니카 쿨 레이시 란쥬쉐이퍼&팬티,TRUE,TRUE
100445,쿠미투니카 웜 레이시 란쥬패키지,FALSE,TRUE
100446,파시노 이지앤퀵 빗살 뿌리펌,FALSE,FALSE
100447,안지 청풍 대자리,FALSE,FALSE
100448,일시불 쿠첸 풀스텐 압력밥솥 10인용 (A1),TRUE,FALSE
100448,무이자 쿠첸 풀스텐 압력밥솥 10인용(A1),TRUE,TRUE
100448,일시불 쿠첸 풀스텐 압력밥솥 6인용(A1),TRUE,TRUE
100448,무이자 쿠첸 풀스텐 압력밥솥 6인용(A1),TRUE,TRUE
100448,일시불 쿠첸 풀스텐 압력밥솥 10인용 ,TRUE,TRUE
100448,(쿠)일시불 19년 신제품  쿠첸 풀스텐 압력밥솥 10인용(A1),TRUE,TRUE
100448,(쿠)무이자 19년 신제품  쿠첸 풀스텐 압력밥솥 10인용(A1),TRUE,TRUE
100448,(쿠)일시불 쿠첸 압력밥솥 6인용 (A1),TRUE,TRUE
100448,(쿠)무이자 쿠첸 압력밥솥 6인용 (A1),TRUE,TRUE
100448,일시불 19년 신제품  쿠첸 풀스텐 압력밥솥 10인용(A1),TRUE,TRUE
100448,무이자 19년 신제품  쿠첸 풀스텐 압력밥솥 10인용(A1),TRUE,TRUE
100448,일시불 쿠첸 압력밥솥 6인용 (A1),TRUE,TRUE
100448,무이자 쿠첸 압력밥솥 6인용 (A1),TRUE,TRUE
100448,무이자쿠첸압력밥솥 10인용,TRUE,TRUE
100448,일시불쿠첸압력밥솥 10인용,TRUE,TRUE
100448,무이자쿠첸압력밥솥 6인용,TRUE,TRUE
100448,일시불쿠첸압력밥솥 6인용,FALSE,TRUE
100449,무이자 쿠첸인버터전자레인지 (COV-i230KGF),TRUE,FALSE
100449,일시불 쿠첸인버터전자레인지 (COV-i230KGF),FALSE,TRUE
100450,코튼데이 유기농 순면 마스크 KF94 60매,FALSE,FALSE
100451,컨시크 컬러마크 글로우 립스틱,FALSE,FALSE
100452,NNF 소프트 베스트 앙상블,TRUE,FALSE
100452,NNF SS트레이닝 세트,TRUE,TRUE
100452,NNF SS트레이닝 세트(8월),TRUE,TRUE
100452,NNF 라운지웨어세트,FALSE,TRUE
100453,NNF 여성 터틀넥 3종,TRUE,FALSE
100453,NNF 남성 터틀넥 3종,FALSE,TRUE
100454,NNF 쿠션퍼자켓+베스트,TRUE,FALSE
100454,NNF 여성 롱패딩1종,TRUE,TRUE
100454,NNF 더블페이스 쿠션재킷+베스트,TRUE,TRUE
100454,NNF 남성 패딩점퍼,TRUE,TRUE
100454,NNF 여성 패딩점퍼,FALSE,TRUE
100455,NNF 쉬폰 썸머 앙상블세트,FALSE,FALSE
100456,NNF 와이드데님팬츠 2종,FALSE,FALSE
100458,크리스티나앤코 기모티셔츠세트,TRUE,FALSE
100458,크리스티나앤코 가디건세트,TRUE,TRUE
100458,크리스티나앤코 퀼팅롱코트,TRUE,TRUE
100458,크리스티나앤코 리버시블 패딩,FALSE,TRUE
100459,크리스티나앤코 피치기모팬츠,TRUE,FALSE
100459,크리스티나앤코 기모밴딩팬츠3종,FALSE,TRUE
100460,크리스티나앤코 로브앙상블세트,TRUE,FALSE
100460,크리스티나앤코 썸머플리츠세트,TRUE,TRUE
100460,크리스티나앤코 썸머플리츠세트(8월),FALSE,TRUE
100462,크리스티나앤코 이지웨어세트,FALSE,FALSE
100463,디키즈 성인 리버시블재킷1종,TRUE,FALSE
100463,디키즈 아동 리버시블재킷1종,FALSE,TRUE
100464,디키즈 성인 스테디움점퍼세트,TRUE,FALSE
100464,디키즈 아동 스테디움점퍼세트,FALSE,TRUE
100465,디키즈 썸머상하세트,TRUE,FALSE
100465,디키즈 썸머숏팬츠3종,FALSE,TRUE
100466,디키즈 윈드브레이커1종,FALSE,FALSE
100467,뉴욕맘 순면100% 목화솜행주,TRUE,FALSE
100467,뉴욕맘 목화솜행주&항균수세미,FALSE,TRUE
100468,뉴욕맘 항균 수세미,FALSE,FALSE
100469,디비노 선글라스 세트,FALSE,FALSE
100470,이지스 자외선 마스크 세트,FALSE,FALSE
100471,캐치온 수퍼나인 블랙박스(2CH),TRUE,FALSE
100471,캐치온 수퍼나인 블랙박스(1CH),FALSE,TRUE
100472,페르소나 고기능 안전스틱 1세트,TRUE,FALSE
100472,페르소나 고기능 안전스틱 2세트,FALSE,TRUE
100473,에델코첸 컬러스텐냄비 3종세트 (전골구성),TRUE,FALSE
100473,에델코첸 컬러스텐냄비 3종세트 (곰솥구성),FALSE,TRUE
100474,무이자 파뷔에 항균 뱀부 식기건조대,TRUE,FALSE
100474,일시불 파뷔에 항균 뱀부 식기건조대,FALSE,TRUE
100475,초특가  파뷔에 팬지 대형 후라이팬 세트,TRUE,FALSE
100475,파뷔에 스페셜에디션 프라이팬세트,FALSE,TRUE
100476,파뷔에 더온 세라믹 냄비세트,FALSE,FALSE
100477,파뷔에 스페셜 디너세트,FALSE,FALSE
100478,파뷔에 항균도마 1+1세트,TRUE,FALSE
100478,파뷔에 항균도마 1+1+칼세트,TRUE,TRUE
100478,파뷔에 양면 항균도마 스페셜,FALSE,TRUE
100479,라라쎄 쉬폰 롤업재킷 2종 세트,FALSE,FALSE
100481,로이몬스터 남녀 벤치후드롱패딩,FALSE,FALSE
100482,에버라스트 제니스 백팩 3종,FALSE,FALSE
100483,무이자 클란츠 멀티쿡,TRUE,FALSE
100483,일시불 클란츠 멀티쿡,FALSE,TRUE
100488,삭루츠 F/W 크로스바디 백(TQ12),TRUE,FALSE
100488,삭루츠 F/W 버켓 백(TQ18),TRUE,TRUE
100488,삭루츠 F/W 투웨이 백팩 (TQ55),FALSE,TRUE
100489,삭루츠 크로스바디 백(TQ12),TRUE,FALSE
100489,삭루츠 버켓 백(TQ18),TRUE,TRUE
100489,삭루츠 투 웨이 백팩(TQ55),TRUE,TRUE
100489,삭루츠 크로스바디백(TQ12),TRUE,TRUE
100489,삭루츠 토트백(TQ35),TRUE,TRUE
100489,삭루츠 크로스바디백(TQ11),TRUE,TRUE
100489,삭루츠 호보백(TQ48),TRUE,TRUE
100489,삭루츠 더플백(여행가방)(TQ49),FALSE,TRUE
100491,피시원 국내산 손질 대구 8팩 * 매운탕 양념 8팩,FALSE,FALSE
100492,피시원 국내산 손질꽃게 7팩,TRUE,FALSE
100492,피시원 국내산 절단 햇 꽃게 7팩,TRUE,TRUE
100492,피시원 국내산 절단 햇 꽃게 2.4kg,FALSE,TRUE
100495,전철우 소갈비살구이 10팩,TRUE,FALSE
100495,[가격인하]전철우 소갈비살구이 10팩,FALSE,TRUE
100496,뽕셰프 이봉원 특갈비탕 12팩,FALSE,FALSE
100497,이봉원 정직한 안창살 + 갈비살구이,FALSE,FALSE
100498,하림 치킨스테이크 4봉,FALSE,FALSE
100499,하림뼈없는양념닭발세트,FALSE,FALSE
100500,(일) 삼익가구 LED 제니비 서랍형 침대 SS,TRUE,FALSE
100500,(무) 삼익가구 LED 제니비 서랍형 침대 SS,TRUE,TRUE
100500,(일) 삼익가구 LED 제니비 서랍형 침대 Q,TRUE,TRUE
100500,(무) 삼익가구 LED 제니비 서랍형 침대 Q,TRUE,TRUE
100500,(일) 삼익가구 LED 제니비 서랍형 침대 K,TRUE,TRUE
100500,(무) 삼익가구 LED 제니비 서랍형 침대 K,TRUE,TRUE
100500,(일)삼익가구 어블러 LED 멀티 수납형 침대 슈퍼싱글,TRUE,TRUE
100500,(무)삼익가구 어블러 LED 멀티 수납형 침대 슈퍼싱글,TRUE,TRUE
100500,(일)삼익가구 어블러 LED 멀티 수납형 침대 퀸,TRUE,TRUE
100500,(무)삼익가구 어블러 LED 멀티 수납형 침대 퀸,TRUE,TRUE
100500,(일)삼익가구 어블러 LED 멀티 수납형 침대 킹,TRUE,TRUE
100500,(무)삼익가구 어블러 LED 멀티 수납형 침대 킹,FALSE,TRUE
100501,노비타 스마트 비데,TRUE,FALSE
100501,파격가 노비타 스마트 비데 무료설치,TRUE,TRUE
100501,무이자 국내제조 노비타 뉴스파 비데  무료설치,TRUE,TRUE
100501,일시불 국내제조 노비타 뉴스파 비데 무료설치,TRUE,TRUE
100501,무이자 1+1 국내제조 노비타 뉴스파 비데  무료설치,TRUE,TRUE
100501,일시불 1+1 국내제조 노비타 뉴스파 비데  무료설치,FALSE,TRUE
100502,무) 한샘 하이바스 내추럴 기본형,TRUE,FALSE
100502,일)한샘 하이바스 내추럴 기본형,TRUE,TRUE
100502,무)한샘 하이바스 내추럴 하부장형,TRUE,TRUE
100502,일)한샘 하이바스 내추럴 하부장형,TRUE,TRUE
100502,무)한샘 하이바스 내추럴 기본형 + 키큰장,TRUE,TRUE
100502,일)한샘 하이바스 내추럴 기본형 + 키큰장,TRUE,TRUE
100502,무)한샘 하이바스 내추럴 하부장 + 키큰장,TRUE,TRUE
100502,일)한샘 하이바스 내추럴 하부장 + 키큰장,TRUE,TRUE
100502,(무) 한샘 하이바스 내추럴 기본형,TRUE,TRUE
100502,(일)한샘 하이바스 내추럴 기본형,TRUE,TRUE
100502,(무)한샘 하이바스 내추럴 하부장형,TRUE,TRUE
100502,(일)한샘 하이바스 내추럴 하부장형,TRUE,TRUE
100502,(무)한샘 하이바스 내추럴 기본형 + 키큰장,TRUE,TRUE
100502,(일)한샘 하이바스 내추럴 기본형 + 키큰장,TRUE,TRUE
100502,(무)한샘 하이바스 내추럴 하부장 + 키큰장,TRUE,TRUE
100502,(일)한샘 하이바스 내추럴 하부장 + 키큰장,FALSE,TRUE
100503,(일)[한샘] 호텔식 레일 암막커튼 세트(중형),TRUE,FALSE
100503,(무)[한샘] 호텔식 레일 암막커튼 세트(중형),TRUE,TRUE
100503,(일)[한샘] 호텔식 레일 암막커튼 세트(대형),TRUE,TRUE
100503,(무)[한샘] 호텔식 레일 암막커튼 세트(대형),TRUE,TRUE
100503,(일)[한샘] 호텔식 레일 암막커튼 세트(특대형),TRUE,TRUE
100503,(무)[한샘] 호텔식 레일 암막커튼 세트(특대형),TRUE,TRUE
100503,(일)[한샘] 호텔식 레일 암막커튼 세트(슈퍼특대형),TRUE,TRUE
100503,(무)[한샘] 호텔식 레일 암막커튼 세트(슈퍼특대형),FALSE,TRUE
100504,(일)3인용 한샘 뉴퍼스티지R 리클라이너,TRUE,FALSE
100504,(무)3인용 한샘 뉴퍼스티지R 리클라이너,TRUE,TRUE
100504,(일)4인용 한샘 뉴퍼스티지R 리클라이너,TRUE,TRUE
100504,(무)4인용 한샘 뉴퍼스티지R 리클라이너,TRUE,TRUE
100504,(일)한샘 페이지 리클라이너 소파(3인용),TRUE,TRUE
100504,(무)한샘 페이지 리클라이너 소파(3인용),TRUE,TRUE
100504,(일)한샘 페이지 리클라이너 소파(4인용),TRUE,TRUE
100504,(무)한샘 페이지 리클라이너 소파(4인용),FALSE,TRUE
100505,(일)한샘 HG 화이트 실버슬림 붙박이장(2.2m),TRUE,FALSE
100505,(무)한샘 HG 화이트 실버슬림 붙박이장(2.2m),TRUE,TRUE
100505,(일)한샘 HG 화이트 실버슬림 붙박이장(3.2m),TRUE,TRUE
100505,(무)한샘 HG 화이트 실버슬림 붙박이장(3.2m),TRUE,TRUE
100505,(일)한샘 HG 화이트 실버슬림 붙박이장(4.2m),TRUE,TRUE
100505,(무)한샘 HG 화이트 실버슬림 붙박이장(4.2m),TRUE,TRUE
100505,(일)한샘 모데나 프리미엄 슬라이딩 붙박이장(2.2m),TRUE,TRUE
100505,(무)한샘 모데나 프리미엄 슬라이딩 붙박이장(2.2m),TRUE,TRUE
100505,(일)한샘 모데나 프리미엄 슬라이딩 붙박이장(3.2m),TRUE,TRUE
100505,(무)한샘 모데나 프리미엄 슬라이딩 붙박이장(3.2m),TRUE,TRUE
100505,(일)한샘 모데나 프리미엄 슬라이딩 붙박이장(4.2m),TRUE,TRUE
100505,(무)한샘 모데나 프리미엄 슬라이딩 붙박이장(4.2m),FALSE,TRUE
100506,일시불  한샘 키친바흐 IH 프라이팬,TRUE,FALSE
100506,무이자  한샘 키친바흐 IH 프라이팬,FALSE,TRUE
100508,두꺼비 매직 버블수세미400매 + 곰팡이젤2개,TRUE,FALSE
100508,두꺼비 매직 버블수세미200매 + 곰팡이젤1개,FALSE,TRUE
100509,안타고 만능 가스그릴,FALSE,FALSE
100510,국내산 손질 갑오징어 9팩,FALSE,FALSE
100511,자연산 손질 통오징어 21미,TRUE,FALSE
100511,국내산 손질 통오징어 21미,TRUE,TRUE
100511,국내산 손질 통오징어 10팩,FALSE,TRUE
100512,국내산참조기12팩,FALSE,FALSE
100515,일시불 해피콜 아르마이드 IH 냄비,TRUE,FALSE
100515,무이자  해피콜 아르마이드 IH 냄비,FALSE,TRUE
100516,일시불  해피콜 크로커다일 IH 후라이팬,TRUE,FALSE
100516,무이자 해피콜 크로커다일 IH후라이팬,FALSE,TRUE
100517,해피콜  IH 진공 스텐 냄비 에디션,TRUE,FALSE
100517,일시불 해피콜  IH 진공 스텐 냄비,FALSE,TRUE
100518,해피콜  X2싱크릴 분리가능 양면그릴,FALSE,FALSE
100519,해피콜IH양면팬,FALSE,FALSE
100520,해피콜엑슬림블렌더,FALSE,FALSE
100522,오세득 본 갈비탕,FALSE,FALSE
100523,현대어찬 손질갈치,FALSE,FALSE
100527,무이자 송도순의 2세대 홈밀맷돌,TRUE,FALSE
100527,일시불 송도순의 2세대 홈밀맷돌,FALSE,TRUE
100528,무이자 송도순의 원터치 중탕기 홈쿠(시즌2),TRUE,FALSE
100528,일시불 송도순의 원터치 중탕기 홈쿠(시즌2),FALSE,TRUE
100529,달바 화이트 트러플 퍼스트 인텐시브 세럼,FALSE,FALSE
100530,일시불 휴롬 쁘띠2 착즙기,TRUE,FALSE
100530,무이자 휴롬 쁘띠2 착즙기,FALSE,TRUE
100531,일시불 휴롬퀵스퀴저,TRUE,FALSE
100531,무이자 휴롬 퀵스퀴저,FALSE,TRUE
100532,""" 100%리얼 착즙 석류 "", 총 4박스",TRUE,FALSE
100532,(일)100%리얼착즙석류 4박스,TRUE,TRUE
100532,(무)100%리얼착즙석류 4박스,FALSE,TRUE
100533,SK매직 파워워시 식기세척기 터치온,FALSE,FALSE
100536,경남제약 레모나 S산 350포,FALSE,FALSE
100539,"[광동제약] 석류 100, 총 5박스",FALSE,FALSE
100540,광동 장건강엔 생유산균,FALSE,FALSE
100541,피부약방 더오리진 크림세트,FALSE,FALSE
100545,깐깐송도순 포기김치 10kg,TRUE,FALSE
100545,깐깐송도순 포기김치 8kg+ 백김치 2kg,FALSE,TRUE
100547,국내산 신안생물 생새우 1.2kg,FALSE,FALSE
100548,완도꼬마활전복 1.3kg,FALSE,FALSE
100549,완도산 식탁앤김 120봉,FALSE,FALSE
100551,강레오의 탕요일,FALSE,FALSE
100558,정직한 농부의 석류,FALSE,FALSE
100562,무농약레드비트즙 90봉,FALSE,FALSE
100563,무이자  얼리젼 밀레 푸쉬풀 도어락,TRUE,FALSE
100563,일시불  얼리젼 밀레 푸쉬풀 도어락,FALSE,TRUE
100564,[바다원] 더 그릴 3종 아구채4팩+양태채2팩+쥐포채2팩 + 소스8팩,FALSE,FALSE
100565,우리나라 맛밤 20봉+밤양갱 4개,FALSE,FALSE
100566,[영광군수협] 대장대 굴비 40미,FALSE,FALSE
100567,일시불 코지마 안마의자 오딧세이,TRUE,FALSE
100567,무이자 코지마 안마의자 오딧세이,FALSE,TRUE
100568,코지마 손목형 자동전자 혈압계 CBP-160,FALSE,FALSE
100569,스텔라테일러 컴포트 스트레치 팬츠 3종,FALSE,FALSE
100571,2019년형 글라스락 퍼플클래식 유리밀폐용기 1+1세트(16조+4조),TRUE,FALSE
100571,2019년형 글라스락 퍼플  클래식 유리밀폐용기세트 (8조),FALSE,TRUE
100572,일시불 삼성 파워모션 청소기 VC44M3150LB,TRUE,FALSE
100572,무이자 삼성 파워모션 청소기 VC44M3150LB,FALSE,TRUE
100573,일시불 삼성 무풍슬림 홈멀티  에어컨  AF16R5773WSR,TRUE,FALSE
100573,무이자 삼성 무풍슬림 홈멀티  에어컨  AF16R5773WSR,TRUE,TRUE
100573,일시불 삼성 무풍슬림 스탠드  에어컨  AF16R5773WSK,TRUE,TRUE
100573,무이자 삼성 무풍슬림 스탠드  에어컨  AF16R5773WSK,TRUE,TRUE
100573,일시불 삼성 무풍클래식 홈멀티에어컨 AF17R7573WZR,TRUE,TRUE
100573,무이자 삼성 무풍클래식 홈멀티에어컨 AF17R7573WZR,TRUE,TRUE
100573,일시불 삼성 무풍클래식 스탠드에어컨 AF17R7573WZK,TRUE,TRUE
100573,무이자 삼성 무풍클래식 스탠드에어컨 AF17R7573WZK,TRUE,TRUE
100573,일시불 삼성 무풍클래식 홈멀티에어컨 AF19R7573WZR,TRUE,TRUE
100573,무이자 삼성 무풍클래식 홈멀티에어컨 AF19R7573WZR,TRUE,TRUE
100573,일시불 삼성 무풍클래식 스탠드에어컨 AF19R7573WZK,TRUE,TRUE
100573,무이자 삼성 무풍클래식 스탠드에어컨AF19R7573WZK,FALSE,TRUE
100574,일시불 삼성 유로피안 냉장고RS82M6000S8,TRUE,FALSE
100574,무이자 삼성 유로피안 냉장고RS82M6000S8,TRUE,TRUE
100574,일시불 삼성 5도어 냉장고 H9000 RH81M8011S9,TRUE,TRUE
100574,무이자 삼성 5도어 냉장고 H9000 RH81M8011S9,TRUE,TRUE
100574,일시불 삼성 4도어 푸드쇼케이스 냉장고 RH81R8011G2 (+선풍기),TRUE,TRUE
100574,무이자 삼성 4도어 푸드쇼케이스 냉장고 RH81R8011G2 (+선풍기),TRUE,TRUE
100574,무이자 삼성 국내제조 4도어 푸드쇼케이스 냉장고 RH81R8011G2 (+청소기),TRUE,TRUE
100574,일시불 국내제조 삼성 4도어 푸드쇼케이스 냉장고 RH81R8011G2 (+청소기),TRUE,TRUE
100574,무이자 삼성 4도어 냉장고 T9000 RF84R9003S8+공기청정기,TRUE,TRUE
100574,일시불 삼성 4도어 냉장고 T9000 RF84R9003S8+공기청정기,TRUE,TRUE
100574,무이자 초특가 삼성5도어냉장고 T9000(RF84R9203S8) +시카고커트러리5p세트,TRUE,TRUE
100574,일시불 삼성5도어냉장고 T9000 (RF84R9203S8) +공기청정기 (AX34R3020WWD),FALSE,TRUE
100575,일시불 삼성 UHD TV UN55NU7010FXKR,TRUE,FALSE
100575,무이자 삼성 UHD TV UN55NU7010FXKR,TRUE,TRUE
100575,일시불 삼성 UHD TV UN65NU7010FXKR,TRUE,TRUE
100575,무이자 삼성 UHD TV UN65NU7010FXKR,TRUE,TRUE
100575,일시불 삼성 UHD TV UN75NU7010FXKR,TRUE,TRUE
100575,무이자 삼성 UHD TV UN75NU7010FXKR,TRUE,TRUE
100575,일시불 삼성 UHD 국민TV UN55NU7010FXKR,TRUE,TRUE
100575,무이자 삼성 UHD 국민TV UN55NU7010FXKR,TRUE,TRUE
100575,일시불 삼성 UHD TV UN55NU7050F,TRUE,TRUE
100575,무이자 삼성 UHD TV UN55NU7050F,TRUE,TRUE
100575,일시불 삼성 UHD TV UN65NU7050F,TRUE,TRUE
100575,무이자 삼성 UHD TV UN65NU7050F,TRUE,TRUE
100575,일시불 삼성 UHD TV UN75NU7050F,TRUE,TRUE
100575,무이자 삼성 UHD TV UN75NU7050F,TRUE,TRUE
100575,일시불 삼성 UHD TV UN55RU7150FXKR,TRUE,TRUE
100575,무이자 삼성 UHD TVUN55RU7150FXKR,TRUE,TRUE
100575,일시불 삼성 UHD TV UN65RU7150FXKR,TRUE,TRUE
100575,무이자 삼성 UHD TV UN65RU7150FXKR,TRUE,TRUE
100575,일시불 삼성 UHD TV UN75RU7150FXKR,TRUE,TRUE
100575,무이자 삼성 UHD TVUN75RU7150FXKR,TRUE,TRUE
100575,초특가 무이자 삼성 UHD TVUN75RU7150FXKR,TRUE,TRUE
100575,초특가 일시불 삼성 UHD TVUN75RU7150FXKR,TRUE,TRUE
100575,초특가 무이자 삼성 UHD TV UN65RU7150FXKR,TRUE,TRUE
100575,초특가 일시불 삼성 UHD TV UN65RU7150FXKR,TRUE,TRUE
100575,초특가 무이자 삼성 UHD TVUN55RU7150FXKR,TRUE,TRUE
100575,초특가 일시불 삼성 UHD TVUN55RU7150FXKR,FALSE,TRUE
100576,일시불 삼성 건조기 9kg 블랙케비어 DV90M53B0QV,TRUE,FALSE
100576,무이자 삼성 건조기 9kg 블랙케비어 DV90M53B0QV,TRUE,TRUE
100576,일시불 삼성 건조기 9kg 이녹스실버 DV90M53B0QP,TRUE,TRUE
100576,무이자 삼성 건조기 9kg 이녹스실버 DV90M53B0QP,TRUE,TRUE
100576,일시불 삼성 건조기 9kg 화이트 DV90M53B0QW,TRUE,TRUE
100576,무이자 삼성 건조기 9kg 화이트 DV90M53B0QW,FALSE,TRUE
100577,일시불 삼성 노트북 9 메탈 기본형 NT900X5J-K14,TRUE,FALSE
100577,무이자 삼성 노트북 9 메탈 기본형 NT900X5J-K14,TRUE,TRUE
100577,일시불 삼성 노트북 9 메탈 고급형 NT900X5J-K28,TRUE,TRUE
100577,무이자 삼성 노트북 9 메탈 고급형 NT900X5J-K28,TRUE,TRUE
100577,일시불 삼성노트북 북5NT550EBE-K34W(복합기+스피커),TRUE,TRUE
100577,무이자 삼성노트북 북5NT550EBE-K34W(복합기+스피커),TRUE,TRUE
100577,"일시불 삼성노트북 북5 NT550EBE-K38B,W(복합기+스피커)",TRUE,TRUE
100577,"무이자 삼성노트북 북5 NT550EBE-K38B,W(복합기+스피커)",FALSE,TRUE
100578,일시불 삼성 블루스카이 공기청정기 AX40N3080DMD 1세트,TRUE,FALSE
100578,무이자 삼성 블루스카이 공기청정기 AX40N3080DMD 1세트,TRUE,TRUE
100578,일시불 삼성 블루스카이 공기청정기 AX40N3080DMD 2세트,TRUE,TRUE
100578,무이자 삼성 블루스카이 공기청정기 AX40N3080DMD 2세트,TRUE,TRUE
100578,일시불 삼성 블루스카이 공기청정기 7000 AX80R7580WDD,TRUE,TRUE
100578,무이자 삼성 블루스카이 공기청정기 7000 AX80R7580WDD,FALSE,TRUE
100579,일시불 삼성 엑티브워시 세탁기14kg WA14N6781TG,TRUE,FALSE
100579,무이자 삼성 엑티브워시 세탁기14kg WA14N6781TG,TRUE,TRUE
100579,무이자 삼성 워블 세탁기 WA14R6360BG,TRUE,TRUE
100579,일시불 삼성 워블 세탁기 WA14R6360BG,FALSE,TRUE
100580,셰프웨이 멀티핸즈 IH 프라이팬,TRUE,FALSE
100580,셰프웨이 멀티핸즈 IH 프라이팬(신),FALSE,TRUE
100581,[수협] 자연산 제주 옥돔 + 갈치 세트,FALSE,FALSE
100582,천연담아 명품다시팩 100포,TRUE,FALSE
100582,천연담아 명품다시팩 120포,FALSE,TRUE
100583,임페리얼 남성 니트4종,TRUE,FALSE
100583,임페리얼 여성 니트 4종,FALSE,TRUE
100584,임페리얼 남성 릴렉스 본딩팬츠 3종,TRUE,FALSE
100584,임페리얼 여성 릴렉스 본딩팬츠 3종,TRUE,TRUE
100584,임페리얼 남성 스트레치팬츠 3종,TRUE,TRUE
100584,임페리얼 여성 스트레치 팬츠 3종,FALSE,TRUE
100585,임페리얼 남성 울 블렌딩 니트 3종,TRUE,FALSE
100585,임페리얼 여성 울 블렌딩 니트 3종,FALSE,TRUE
100586,임페리얼 여성 패딩코트세트,TRUE,FALSE
100586,임페리얼 남성 패딩코트세트,FALSE,TRUE
100587,[슬로푸드] 도라지 품은 산돌배즙  6박스 (80g x 10포 x 6박스),FALSE,FALSE
100588,"창녕 마늘양파듬뿍삼계탕 1kg, 6팩",FALSE,FALSE
100589,하동 유기농처음매실원액 6통,FALSE,FALSE
100594,레스토닉 블루투스 LED 서랍 침대 슈퍼싱글,TRUE,FALSE
100594,레스토닉 블루투스 LED 서랍 침대 퀸,TRUE,TRUE
100594,레스토닉 블루투스 LED 서랍 침대 킹,FALSE,TRUE
100595,파로마 레어 메모리폼 타퍼 슈퍼싱글,TRUE,FALSE
100595,파로마 레어 메모리폼 타퍼 퀸,TRUE,TRUE
100595,파로마 레어 메모리폼 타퍼 킹,FALSE,TRUE
100596,컬럼비아 남성 베이스레이어 5종,TRUE,FALSE
100596,컬럼비아 여성 베이스레이어 5종,TRUE,TRUE
100596,컬럼비아 남성 옴니히트 업 베이스레이어 4종,TRUE,TRUE
100596,컬럼비아 여성 옴니히트 업 베이스레이어 4종,FALSE,TRUE
100597,컬럼비아 옴니위크 드로즈 패키지 10종,TRUE,FALSE
100597,컬럼비아 옴니히트 롱드로즈 패키지 7종,TRUE,TRUE
100597,컬럼비아 옴니위크 머슬 언더셔츠 6종,FALSE,TRUE
100598,헤드 언더셔츠 6종패키지,TRUE,FALSE
100598,(일시불)헤드 언더셔츠 6종패키지(7월),TRUE,TRUE
100598,(무이자)헤드 언더셔츠 6종패키지(7월),FALSE,TRUE
100599,푸마 언더셔츠 7종 패키지,TRUE,FALSE
100599,푸마 언더셔츠 7종 패키지(1-1차),TRUE,TRUE
100599,(세일20%)푸마 언더셔츠 7종 패키지(1-1차),FALSE,TRUE
100600,로베르타 디 까메리노 노벨라백 2종,TRUE,FALSE
100600,로베르타 디 까메리노 아쿠아마레 백팩 4종세트,TRUE,TRUE
100600,로베르타 디 까메리노 아쿠아마레 백팩 5종세트,FALSE,TRUE
100601,로베르타 디 까메리노 로베(ROBE) 토트백 3종,FALSE,FALSE
100602,엘르 메르시(Merci) 토트백세트,FALSE,FALSE
100603,카파 FW 언더셔츠 6종 패키지,FALSE,FALSE
100604,카파 드로즈 패키지 12종,TRUE,FALSE
100604,카파 런닝 패키지 9종,TRUE,TRUE
100604,카파 드로즈 패키지 10종,TRUE,TRUE
100604,카파 트렁크 패키지 7종,TRUE,TRUE
100604,카파 런닝 패키지 7종,FALSE,TRUE
100605,카파 드로즈 패키지 10종(3차),TRUE,FALSE
100605,카파 트렁크 패키지 7종,TRUE,TRUE
100605,카파 런닝 패키지 7종,FALSE,TRUE
100606,카파 발란스테크 브라팬티 12세트,FALSE,FALSE
100607,푸마 에어핏 서포트 브라세트 15종+4종,TRUE,FALSE
100607,푸마 드라이셀 퓨징 브라세트 패키지,TRUE,TRUE
100607,푸마 DRY-CELL 와이드 풀컵 브라팬티 7세트(14종),TRUE,TRUE
100607,푸마 DRY-CELL 에센셜 브라팬티 7세트(복합구성),TRUE,TRUE
100607,푸마 DRY-CELL 에센셜 브라팬티 7세트(스킨구성),FALSE,TRUE
100608,푸마 DRY-CELL 퓨징 슬림라이트 브라 패키지,FALSE,FALSE
100609,푸마 DRY-DELL 기능성 티셔츠형 브라탑 패키지,FALSE,FALSE
100610,푸마 코튼 라이크라 드로즈 12종,TRUE,FALSE
100610,푸마 INNO 심리스 롱드로즈 7종,TRUE,TRUE
100610,푸마 드라이셀라인 뉴 런닝 9종,TRUE,TRUE
100610,푸마 INNO 심리스 드로즈 (6차),TRUE,TRUE
100610,푸마 INNO 심리스 롱드로즈 (1차),TRUE,TRUE
100610,푸마 NEW 트렁크 패키지,TRUE,TRUE
100610,푸마 심리스 드로즈 블랙에디션 패키지,TRUE,TRUE
100610,푸마 트렁크 블랙에디션 패키지,TRUE,TRUE
100610,푸마 드로즈 블랙에디션 패키지,TRUE,TRUE
100610,푸마 코튼 언더탑 9종,TRUE,TRUE
100610,푸마 썸머 드로즈 패키지,TRUE,TRUE
100610,푸마 썸머 트렁크 패키지,TRUE,TRUE
100610,푸마 프레쉬 미들 드로즈 패키지,TRUE,TRUE
100610,푸마 시그니처 코튼 트렁크 패키지,TRUE,TRUE
100610,푸마 뉴 니트 스트레치 심리스 드로즈 11종,TRUE,TRUE
100610,푸마 INNO 심리스 롱드로즈 9종 (1차),TRUE,TRUE
100610,푸마 스트레치 심리스 드로즈 11종,TRUE,TRUE
100610,푸마 시그니처 코튼 트렁크 9종,FALSE,TRUE
100611,푸마 남아 주니어 기능성 데일리 홈웨어세트,TRUE,FALSE
100611,푸마 여아 주니어 기능성 데일리 홈웨어세트,FALSE,TRUE
100612,푸마 드라이셀 컴포트 탑 레이어 브라탑 4종세트(긴팔형),TRUE,FALSE
100612,푸마 드라이셀 브라탑 4종세트(런닝형),TRUE,TRUE
100612,푸마 드라이셀 브라탑 4종세트(끈형),TRUE,TRUE
100612,푸마 드라이셀 브라탑 4종세트(런닝형)(8월),TRUE,TRUE
100612,푸마 웜셀 티셔츠형 브라탑 4종세트,TRUE,TRUE
100612,푸마 웜셀 런닝형 브라탑 4종세트,FALSE,TRUE
100613,푸마 웜셀 기모 치마레깅스 3종,TRUE,FALSE
100613,푸마 드라이셀 쉐이핑 레깅스 3종,TRUE,TRUE
100613,푸마 드라이셀 치마레깅스 3종,TRUE,TRUE
100613,푸마 웜셀 퍼치마레깅스 3종,FALSE,TRUE
100614,푸마 웜셀(WARM CELL) 데일리 홈웨어 6종 (남성용),TRUE,FALSE
100614,푸마 웜셀(WARM CELL) 데일리 홈웨어 6종 (여성용),FALSE,TRUE
100615,푸마 웜셀(WARM CELL)원피스 브라탑 3종세트,FALSE,FALSE
100616,헤드 남성 액티브 베이스레이어 4종,TRUE,FALSE
100616,헤드 여성 액티브 베이스레이어 4종,FALSE,TRUE
100617,헤드 액티브 브라탑 패키지,FALSE,FALSE
100618,헤드 파이로라이트 드로즈 10종 패키지,TRUE,FALSE
100618,헤드 파이로라이트 트렁크 8종 패키지,TRUE,TRUE
100618,헤드 파이로라이트 드로즈 10종 패키지(7월),TRUE,TRUE
100618,헤드 파이로라이트 트렁크 8종 패키지(7월),FALSE,TRUE
100619,헤드 풀커버리지 브라팬티 패키지,FALSE,FALSE
100620,헤드 프리무빙 레깅스 4종 패키지,FALSE,FALSE
100622,리얼니파팜 해죽순,FALSE,FALSE
100623,콜라겐3.2 아임파인 (6개월),TRUE,FALSE
100623,콜라겐3.2 아임파인 (3개월),FALSE,TRUE
100624,안국루테인 미니100(5박스),FALSE,FALSE
100625,[2세트] 중외신약 빠르카 통증패치,TRUE,FALSE
100625,[1세트] 중외신약 빠르카 통증패치,FALSE,TRUE
100626,[풀패키지]레스트업 수액패치(84매),TRUE,FALSE
100626,[실속패키지]레스트업 수액패치(50매),FALSE,TRUE
100627,1세트 믹서를 품은 텀블러,TRUE,FALSE
100627,2세트 믹서를 품은 텀블러,FALSE,TRUE
100628,자올 닥터스오더 탈모 부스터&샴푸,FALSE,FALSE
100629,오렐리안 풍기인견 란쥬패키지,TRUE,FALSE
100629,오렐리안 풍기인견 란쥬패키지(7월),FALSE,TRUE
100631,오렐리안 풍기인견 원피스 2종세트,TRUE,FALSE
100631,오렐리안 풍기인견 원피스 2종세트(8월),FALSE,TRUE
100632,오렐리안 히트모 스킨컬렉션 기모런닝 패키지,FALSE,FALSE
100634,모리츠 에어 서큘레이터 1종,FALSE,FALSE
100635,바로바로 무선청소기,TRUE,FALSE
100635,바로바로 무선청소기+필터 1개 추가,FALSE,TRUE
100636,배관청소용품 뚜러킹 세트,FALSE,FALSE
100637,영산포숙성홍어회7팩,FALSE,FALSE
100638,램프쿡 자동회전냄비,FALSE,FALSE
100642,[본죽] 그때 그 쇠고기 장조림 세트(총 13팩),FALSE,FALSE
100643,2019 S/S 엘리자베스아덴 선글라스 2종,FALSE,FALSE
100644,사용불가미리구운 자연산 바다장어 9팩,FALSE,FALSE
100646,"황토방 청도 감말랭이 30봉+무료체험1봉, 총 31봉",FALSE,FALSE
100651,제주농장 유기 양배추진액 120포,FALSE,FALSE
100652,제주 수산물 3종 세트,FALSE,FALSE
100653,종근당건강 프로메가 오메가3 파워,TRUE,FALSE
100653,단하루 종근당건강 프로메가 오메가3 파워+비타민D,FALSE,TRUE
100654,일시불 종근당건강 락토핏 생유산균골드 단하루,TRUE,FALSE
100654,무이자 종근당건강 락토핏 생유산균골드 단하루,TRUE,TRUE
100654,일시불 종근당건강 락토핏 생유산균골드,TRUE,TRUE
100654,무이자 종근당건강 락토핏 생유산균골드,FALSE,TRUE
100655,종근당건강 전립쎈 프라임,FALSE,FALSE
100656,노와 멀티 만능 다지기 1+1세트,TRUE,FALSE
100656,노와 멀티 만능 다지기,FALSE,TRUE
100657,노와 스텐 대용량에어프라이어 4L,FALSE,FALSE
100658,뉴 클레린 티메이커 시그니처플러스 1+1,TRUE,FALSE
100658,뉴 클레린 티메이커 플러스,FALSE,TRUE
100664,크로커다일 The 편안한 코튼 브라팬티 4세트,TRUE,FALSE
100664,크로커다일 풀커버 레이스 브라팬티 4세트,TRUE,TRUE
100664,(ARS10%)크로커다일 풀커버 레이스 브라팬티 4세트,TRUE,TRUE
100664,크로커다일 감탄 레이스 브라렛 패키지,TRUE,TRUE
100664,크로커다일 에어스킨 감탄브라 패키지(CD19차),TRUE,TRUE
100664,크로커다일 The 편안한 코튼 브라팬티 4세트 + 이너쇼츠 2종 ,FALSE,TRUE
100665,저스트마이사이즈 코튼 슬리머 패키지,FALSE,FALSE
100666,"여자를 위한 빨강 팥물, 레드빈 티톡 100포",TRUE,FALSE
100666,"여자를 위한 빨강 팥물, 레드빈 티톡 50포",FALSE,TRUE
100667,무이자 PN풍년꾸노죽제조기,TRUE,FALSE
100667,일시불 PN풍년꾸노죽제조기,FALSE,TRUE
100668,초특가 히팅맘 스마트 리모컨 히터 1+1,TRUE,FALSE
100668,초특가 히팅맘 스마트 리모컨 히터,FALSE,TRUE
100669,"이경제원장의 더 힘찬 선식 100, 13박스+쉐이커통",FALSE,FALSE
100670,"이경제의 레드비트 착즙 100%, 120포",FALSE,FALSE
100671,이경제의 황제진액 철갑상어 120포,FALSE,FALSE
100672,코튼플러스 클렌징패드 싱글,TRUE,FALSE
100672,코튼플러스 클렌징패드(더블),FALSE,TRUE
100673,[세라맥스] 포터블 원적외선 전기렌인지,FALSE,FALSE
100675,3D매쉬  냉수마찰  물매트,FALSE,FALSE
100676,무이자 에코바이런 호주 원목 캄포도마 3종세트,TRUE,FALSE
100676,일시불 에코바이런 호주 원목 캄포도마 3종세트,TRUE,TRUE
100676,무이자 에코바이런 호주 원목 대형 캄포도마 1종,FALSE,TRUE
100677,2019 S/S 로베르타 디 까메리노 선글라스,FALSE,FALSE
100678,마스케라 밍크니팅모자세트,TRUE,FALSE
100678,마스케라 풀스킨 밍크머플러세트,FALSE,TRUE
100679,마스케라 썸머 컬렉션 4종(모자 2종 + 핸드백 1종 + 스카프 1종),FALSE,FALSE
100680,시크릿 라메종 볼륨 스프레이 (고데기),FALSE,FALSE
100681,에이온에이 10분 셀프뿌리퍼머,FALSE,FALSE
100682,레드캠프 남성 썸머 기능성 셔츠 7종 패키지,TRUE,FALSE
100682,레드캠프 여성 썸머 기능성 셔츠 7종 패키지,FALSE,TRUE
100683,무이자 매직쉐프 10리터 듀얼쿡 에어프라이어,TRUE,FALSE
100683,일시불 매직쉐프 10리터 듀얼쿡 에어프라이어,FALSE,TRUE
100684,무이자 매직쉐프 플랫타입 전자레인지,TRUE,FALSE
100684,일시불 매직쉐프 플랫타입 전자레인지,FALSE,TRUE
100685,뉴웨이 볼륨브러쉬,FALSE,FALSE
100692,BBC&IZUMI 레이스런닝 브라 패키지,FALSE,FALSE
100693,남영비비안 로즈버드 시그니처 볼륨 보정 브라패키지,TRUE,FALSE
100693,남영비비안 로즈버드 듀얼윙 스킨 보정 브라패키지,FALSE,TRUE
100694,남영비비안 로즈버드 머스트해브 브라패키지,FALSE,FALSE
100695,남영비비안 소노르 베르사유 노와이어 컬렉션 브라,TRUE,FALSE
100695,남영비비안 소노르 퀸 컬렉션 프리미엄 브라,FALSE,TRUE
100696,남영비비안 스킨핏 Dream Fit 브라팬티,FALSE,FALSE
100697,고데롤 플러스,FALSE,FALSE
100698,강원도양구 간편시래기 + 시래기 들깨 무침,TRUE,FALSE
100698,강원도양구 간편시래기15팩,FALSE,TRUE
100699,고창 꿀 고구마 10kg,FALSE,FALSE
100700,국내산 손질 가자미 36미!,FALSE,FALSE
100701,국내산 손질 병어 26미,FALSE,FALSE
100702,영산포숙성 홍어8팩+무침3통,TRUE,FALSE
100702,영산포숙성 홍어 13팩,TRUE,TRUE
100702,영산포숙성 홍어 9팩,TRUE,TRUE
100702,국내산 영산포숙성 홍어 6팩+홍어무침1통,FALSE,TRUE
100703,국내산 자숙찰골뱅이 7팩,FALSE,FALSE
100704,김정문의 섬진강 재첩국 11팩 3.3kg,FALSE,FALSE
100705,김정배 명인 젓갈세트 8통,FALSE,FALSE
100707,예천청결 고춧가루 2kg,FALSE,FALSE
100708,천수봉명인 선재 전통 메주세트,FALSE,FALSE
100709,무이자 실리만 하이브리드 냄비후라이팬 IH 풀세트,TRUE,FALSE
100709,일시불 실리만 하이브리드 냄비후라이팬 IH 풀세트,FALSE,TRUE
100710,아미니 릴렉싱 풋케어 풀패키지,FALSE,FALSE
100711,아미니 비노테라 오일 워시(구성1),TRUE,FALSE
100711,아미니 비노테라 오일 워시(구성2),FALSE,TRUE
100712,젠트웰 남성 니트점퍼세트,TRUE,FALSE
100712,젠트웰 남성패딩재킷2종세트,TRUE,TRUE
100712,젠트웰 남성패딩코트1종,FALSE,TRUE
100713,젠트웰 남성 스트레치 팬츠 2종,FALSE,FALSE
100714,젠트웰 남성 쿨 썸머 티셔츠 4종,FALSE,FALSE
100715,젠트웰 스트레치 통풍 메쉬 자켓 1종,FALSE,FALSE
100716,일시불 쿠첸 스마트 투인원 티메이커,TRUE,FALSE
100716,무이자 쿠첸 스마트 투인원 티메이커,FALSE,TRUE
100717,로베르타 디 까메리노 360커브드 지퍼 쉐이핑 란쥬,TRUE,FALSE
100717,로베르타 디 까메리노 트리플커버 지퍼쉐이핑 란쥬,TRUE,TRUE
100717,로베르타 디 까메리노 Y밸런스업 지퍼쉐이핑 란쥬,FALSE,TRUE
100718,로베르타 디 까메리노 올레이스 지퍼브라팬티,TRUE,FALSE
100718,로베르타 디 까메리노 메쉬 프리컷 지퍼브라팬티,TRUE,TRUE
100718,로베르타 디 까메리노 수피마 코튼 프리컷 브라팬티,FALSE,TRUE
100719,로베르타 디 까메리노 쿨메쉬 지퍼란쥬 패키지,TRUE,FALSE
100719,로베르타 디 까메리노 밸런스업 지퍼쉐이핑 란쥬패키지,FALSE,TRUE
100720,로베르타 디 까메리노 에어 라이트 업 프론트 후크 브라팬티,FALSE,FALSE
100721,로베르타 디 까메리노 풀 바스트 업 지퍼브라팬티,FALSE,FALSE
100722,"SPC삼립 한입 호빵 13봉(혼합, 팥8+야채5봉)",TRUE,FALSE
100722,"SPC삼립 한입 호빵 13봉(단일, 팥 13봉)",FALSE,TRUE
100723,아이앤아이 퀵래쉬 속눈썹세트,FALSE,FALSE
100724,IH 옛 가마솥 세트,FALSE,FALSE
100725,로벤탈 국내산  IH 실버팬 세트,TRUE,FALSE
100725,로벤탈 국내산  IH 실버팬 세트 (가격인하),TRUE,TRUE
100725,로벤탈 파스텔 후라이팬 (핑크),TRUE,TRUE
100725,로벤탈 파스텔 후라이팬 1+1세트(핑크+블루),FALSE,TRUE
100729,월드컵 19 F/W 남성 에어러닝화,TRUE,FALSE
100729,월드컵 19 F/W 여성 에어러닝화,FALSE,TRUE
100731,월드컵 남성 워킹화+슬립온,TRUE,FALSE
100731,월드컵 여성 워킹화+슬립온,TRUE,TRUE
100731,월드컵 남성다이얼트레킹화세트,TRUE,TRUE
100731,월드컵 여성다이얼트레킹화세트,TRUE,TRUE
100731,월드컵 남성19SS 트레킹화,TRUE,TRUE
100731,월드컵 여성19SS트레킹화,TRUE,TRUE
100731,월드컵 남성러닝화+트레킹화,TRUE,TRUE
100731,월드컵 여성러닝화+트레킹화,TRUE,TRUE
100731,월드컵 남성 러닝화+슬리퍼,TRUE,TRUE
100731,월드컵 여성 러닝화+슬리퍼,TRUE,TRUE
100731,월드컵 남성트레일화+슬립온,TRUE,TRUE
100731,월드컵 여성 트레일화+슬립온,TRUE,TRUE
100731,월드컵 여성 에어러닝화+아쿠아트레킹화,TRUE,TRUE
100731,월드컵 남성 에어러닝화+아쿠아트레킹화,TRUE,TRUE
100731,월드컵 남성 트레킹화 + 에어러닝화 2종,TRUE,TRUE
100731,월드컵 여성 트레킹화 + 에어러닝화 2종,FALSE,TRUE
100732,월드컵 남성 방한 트레킹화 + 패딩슈즈 2종,TRUE,FALSE
100732,월드컵 여성 방한 트레킹화 + 패딩슈즈 2종,FALSE,TRUE
100734,메디아글램 카이만엠보 소가죽 토트백 (+클러치백+폼폼이),TRUE,FALSE
100734,메디아글램 카이만엠보 소가죽 체인숄더백 (+클러치백+폼폼이),TRUE,TRUE
100734, 메디아글램 카이만엠보 소가죽 토트백 (+클러치백+폼폼이),TRUE,TRUE
100734, 메디아글램 카이만엠보 소가죽 체인숄더백 (+클러치백+폼폼이),FALSE,TRUE
100735,(일)[안드레아바나]리얼카이만 악어 토트백,TRUE,FALSE
100735,(무)[안드레아바나]리얼카이만 악어 토트백,TRUE,TRUE
100735,[안드레아바나]리얼카이만 악어 바디 숄더백,TRUE,TRUE
100735,[안드레아바나]리얼카이만 악어 테일 숄더백,TRUE,TRUE
100735,[안드레아바나]리얼카이만 악어 토트백,FALSE,TRUE
100736,김병만의 정글피싱  낚시세트,FALSE,FALSE
100737,무이자 김병만의 달인 공구 세트,TRUE,FALSE
100737,일시불 김병만의 달인 공구 세트,FALSE,TRUE
100738,일시불 메디쉴드 자동 목 견인기기,TRUE,FALSE
100738,무이자 메디쉴드 자동 목 견인기기,FALSE,TRUE
100740,농협안심벌꿀 4병,TRUE,FALSE
100740,[농협안심벌꿀] 아카시아꿀 2병 + 야생화꿀 2병,FALSE,TRUE
100741,[특등급] 김천 샤인머스켓 2kg (2~3수),FALSE,FALSE
100742,도스문도스 카이만 엠보 소가죽 핸드백 1종,TRUE,FALSE
100742,도스문도스 카이만 엠보 소가죽 핸드백 1종(SS),TRUE,TRUE
100742,도스문도스 카이만 엠보 소가죽 토트백 1종,TRUE,TRUE
100742,도스문도스 카이만 엠보 소가죽 체인 숄더백 1종,TRUE,TRUE
100742,도스문도스 카이만 엠보 소가죽 핸드백 1종(역시즌),FALSE,TRUE
100743,도스문도스 카이만엠보 소가죽 토트백 2종 ,FALSE,FALSE
100744,제주 한라봉2박스+천혜향1박스,FALSE,FALSE
100745,캘리포니아 카라카라 오렌지 8kg,FALSE,FALSE
100747,이정섭의 비가린 배추김치 10kg,FALSE,FALSE
100748,갈란테 프리미엄 에디션(남성화 3종 + 면도기 1종),FALSE,FALSE
100749,레코바 남성 다이얼워킹화세트,TRUE,FALSE
100749,레코바 여성 다이얼워킹화세트,FALSE,TRUE
100750,레코바 남성 퍼펙트 에디션 3종(트레킹화+워킹화+슬립온),TRUE,FALSE
100750,레코바 여성 퍼펙트 에디션(트레킹화+워킹화+슬립온),TRUE,TRUE
100750,레코바 남성 어반3종(트레킹화+워킹화+슬립온),TRUE,TRUE
100750,레코바 여성 어반3종(트레킹화+워킹화+슬립온),FALSE,TRUE
100751,스프리스 여성 코트 스니커즈,TRUE,FALSE
100751,스프리스 남성 코트 스니커즈,FALSE,TRUE
100752,스프리스 여성 퍼부츠 세트(부츠+패딩슬립온),TRUE,FALSE
100752,스프리스 남성 퍼부츠 세트(부츠+패딩슬립온),TRUE,TRUE
100752,스프리스 아동 퍼부츠,FALSE,TRUE
100753,아가타 골든 마스터 2종 (펌프스1종+플랫슈즈1종),FALSE,FALSE
100754,아가타 소가죽 데이쿠션로퍼,FALSE,FALSE
100755,아가타 여성 주얼 슬립온+스트랩슬립온,TRUE,FALSE
100755,아가타 썸머 샌들세트,FALSE,TRUE
100756,아가타 올인원 에디션(앵클부츠1종+플랫슈즈1종),FALSE,FALSE
100757,아가타 윈터 에디션(부츠1종+소프트퍼슈즈1종),FALSE,FALSE
100758,아가타 컬러풀에디션(앵클부츠1종+플랫슈즈1종),FALSE,FALSE
100761,마담팰리스 웜기모 롱베스트 3종세트,FALSE,FALSE
100762,루이바셋 여성 기모 웜 본딩팬츠 3종,FALSE,FALSE
100763,일시불 2019년 타이거 충전식 무선 예초기,TRUE,FALSE
100763,무이자  2019년 타이거 충전식 무선 예초기,TRUE,TRUE
100763,일시불 2019년 타이거 충전식 무선 예초기+배터리 1개,TRUE,TRUE
100763,무이자 2019년 타이거 충전식 무선 예초기+배터리 1개,FALSE,TRUE
100764,엑사이더 워킹머신,FALSE,FALSE
100765,무이자 린나이 간편쿡 자동불꽃조절 가스레인지 3구,TRUE,FALSE
100765,일시불 린나이 간편쿡 자동불꽃조절 가스레인지 3구,TRUE,TRUE
100765,무이자 린나이 간편쿡 자동불꽃조절 가스레인지 2구,TRUE,TRUE
100765,일시불 린나이 간편쿡 자동불꽃조절 가스레인지 2구,TRUE,TRUE
100765,무이자 린나이 자동불꽃조절 가스레인지 3구,TRUE,TRUE
100765,일시불  린나이 자동불꽃조절 가스레인지 3구,TRUE,TRUE
100765,무이자  린나이 자동불꽃조절 가스레인지 2구,TRUE,TRUE
100765,일시불  린나이 자동불꽃조절 가스레인지 2구,FALSE,TRUE
100766,참존 탑뉴스 지이링클 기초세트,FALSE,FALSE
100768,무이자 마이베비 보온보냉 캔틴 텀블러 풀세트,TRUE,FALSE
100768,일시불 마이베비 보온보냉 캔틴 텀블러 풀세트,FALSE,TRUE
100769,무이자 에지리 법랑 냄비세트,TRUE,FALSE
100769,일시불 에지리 법랑 냄비세트,FALSE,TRUE
100770,무이자 에지리 스텐큐브 프라이팬,TRUE,FALSE
100770,일시불 에지리 스텐큐브 프라이팬,FALSE,TRUE
100771,무이자 쿠진나이프케어 살균건조기풀세트,TRUE,FALSE
100771,일시불 쿠진나이프케어 살균건조기풀세트,FALSE,TRUE
100773,엘렌실라 그린 에너지 썬스틱7,FALSE,FALSE
100774,엘렌실라 달팽이크림(콜라겐5+팩트3),FALSE,FALSE
100775,NEW프리미엄 TS샴푸세트(추가),TRUE,FALSE
100775,NEW프리미엄 TS샴푸/트리트먼트(추가),FALSE,TRUE
100776,뷰티플렉스 풍기인견 브라탑패키지,TRUE,FALSE
100776,뷰티플렉스 풍기인견 란쥬패키지,TRUE,TRUE
100776,뷰티플렉스 풍기인견 브라패키지,TRUE,TRUE
100776,뷰티플렉스 풍기인견 란쥬패키지(8월),TRUE,TRUE
100776,뷰티플렉스 풍기인견 브라패키지(8월),FALSE,TRUE
100777,뷰티플렉스 풍기인견 원피스 2종,TRUE,FALSE
100777,뷰티플렉스 풍기인견 원피스 2종(8월),FALSE,TRUE
100779,쿠미투니카 황후의코르셋 하이웨이스트팬티(리뉴얼),TRUE,FALSE
100779,쿠미투니카 라이크라 보정 레이스멀티팬티,FALSE,TRUE
100780,쿠미투니카 퍼펙트클린 레이스 브라팬티,FALSE,FALSE
100781,에펨 여성 미들퍼부츠,TRUE,FALSE
100781,에펨 남성 미들퍼부츠,TRUE,TRUE
100781,에펨 남성 NEW컴포트 캐쥬얼슈즈,TRUE,TRUE
100781,에펨 여성 NEW컴포트 캐쥬얼슈즈,FALSE,TRUE
100782,에펨 남성 소가죽 체인지 샌들,TRUE,FALSE
100782,에펨 여성 글로스 샌들,FALSE,TRUE
100783,엔셀라두스 밴딩팬츠 3종,FALSE,FALSE
100784, 서울대 더 리얼 신바이오틱스 6박스 (6개월분),FALSE,FALSE
100786,[루이띠에] 18K 베르니아 주얼리 세트,TRUE,FALSE
100786,[루이띠에] 18K 베르니아 목걸이 팔찌 세트,TRUE,TRUE
100786,[루이띠에] 18K 베르니아 팔찌 반지 세트,TRUE,TRUE
100786,[루이띠에] 18K 베르니아 목걸이,TRUE,TRUE
100786,[루이띠에] 18K 베르니아 팔찌,TRUE,TRUE
100786,[루이띠에] 18K 베르니아 귀걸이,TRUE,TRUE
100786,[루이띠에] 18K 베르니아  반지,TRUE,TRUE
100786,[루이띠에] 18k 그레이스 골드 주얼리 세트,TRUE,TRUE
100786,[루이띠에] 18k 그레이스 골드 목걸이팔찌 세트,TRUE,TRUE
100786,[루이띠에] 18k 그레이스 골드 팔찌반지 세트,TRUE,TRUE
100786,[루이띠에] 18k 그레이스 골드 목걸이,TRUE,TRUE
100786,[루이띠에] 18k 그레이스 골드 팔찌,TRUE,TRUE
100786,[루이띠에] 18k 그레이스 골드 귀걸이,TRUE,TRUE
100786,[루이띠에] 18k 그레이스 골드 반지,TRUE,TRUE
100786,[루이띠에]18k 샤인클로버 주얼리 세트,TRUE,TRUE
100786,[루이띠에]18k 샤인클로버 목걸이팔찌 세트,TRUE,TRUE
100786,[루이띠에]18k 샤인클로버 팔찌반지  세트,TRUE,TRUE
100786,[루이띠에]18k 샤인클로버 목걸이,TRUE,TRUE
100786,[루이띠에]18k 샤인클로버 팔찌,TRUE,TRUE
100786,[루이띠에]18k 샤인클로버 반지,TRUE,TRUE
100786,[루이띠에]18k 샤인클로버 귀걸이,FALSE,TRUE
100787,[루이띠에] 18k 인피니티러브 주얼리 세트,TRUE,FALSE
100787,[루이띠에] 18k 인피니티러브 목걸이 팔찌 세트,TRUE,TRUE
100787,[루이띠에] 18k 인피니티러브 팔찌 반지 세트,TRUE,TRUE
100787,[루이띠에] 18k 인피니티러브 목걸이,TRUE,TRUE
100787,[루이띠에] 18k 인피니티 러브 팔찌,TRUE,TRUE
100787,[루이띠에] 18k 인피니티 러브 귀걸이,TRUE,TRUE
100787,[루이띠에] 18k 인피니티 러브 반지,FALSE,TRUE
100788,루이띠에 순금 샤이닝 러브 목걸이 35g+골드바 1g,TRUE,FALSE
100788,루이띠에 순금 샤이닝 러브 팔찌 35g+골드바 1g,TRUE,TRUE
100788,루이띠에 순금 크로스 트리플 목걸이 18g+골드바 1g,TRUE,TRUE
100788,루이띠에 순금 크로스 트리플 팔찌 18g+골드바 1g,TRUE,TRUE
100788,루이띠에 순금 미라클 트리플 링 15g+골드바 1g,TRUE,TRUE
100788,루이띠에 순금 신디스틱 목걸이 13g+골드바 1g,TRUE,TRUE
100788,루이띠에 순금 신디스틱 팔찌 13g+골드바 1g,TRUE,TRUE
100788,[루이띠에] 순금 41.25g 헤라 컬렉션,TRUE,TRUE
100788,[루이띠에] 순금 11.25g 헤라 반지,TRUE,TRUE
100788,[루이띠에] 순금 3.75g 헤라귀걸이,TRUE,TRUE
100788,[루이띠에] 순금 13g 신디스틱 목걸이,TRUE,TRUE
100788,[루이띠에] 순금 13g 신디스틱 팔찌,TRUE,TRUE
100788,[루이띠에] 순금 70g 골드바,TRUE,TRUE
100788,[루이띠에] 순금 37.5g 골드바,FALSE,TRUE
100789,노송가구 제이드 비취 교자상(600),TRUE,FALSE
100789,노송가구 제이드 비취 교자상(800),TRUE,TRUE
100789,노송가구 제이드 비취 교자상(900),TRUE,TRUE
100789,노송가구 제이드 비취 꽃상감 교자상(900),FALSE,TRUE
100791,도루코 페이스5 면도기 세트 (1+1세트),TRUE,FALSE
100791,도루코 페이스5 면도기 세트 (1세트),TRUE,TRUE
100791,도루코 페이스5 면도날 4개입,FALSE,TRUE
100792,"속초명물 티각태각 부각 6종, 30봉",FALSE,FALSE
100793,[12.5m x 3롤]월시스 스티커식 실크벽지,TRUE,FALSE
100793,[12.5m x 2롤]월시스 스티커식 실크벽지,TRUE,TRUE
100793,[12.5m x 1롤]월시스 스티커식 실크벽지,FALSE,TRUE
100794,대웅모닝컴 굿템 스탠드선풍기2대,FALSE,FALSE
100795,신세대 포기김치 11kg,FALSE,FALSE
100797,장보고 완도매생이 30개,FALSE,FALSE
100798,크린조이 황사 방역마스크 대형 105매,TRUE,FALSE
100798,크린조이 황사 방역마스크 소형 105매,FALSE,TRUE
100801,바다먹자 국내산 손질꽃게 7팩,FALSE,FALSE
100802,바다먹자 국내산 손질문어 9팩,FALSE,FALSE
100803,일시불 에버홈 대형 스텐 믹서기 + 마늘박피,TRUE,FALSE
100803,무이자 에버홈 대형 스텐 믹서기 + 마늘박피,FALSE,TRUE
100805,에버홈 직화그릴,FALSE,FALSE
100807,굿프렌드 굿터치클리너 1+1,TRUE,FALSE
100807,굿프렌드 굿터치클리너,FALSE,TRUE
100808,CERINI by PAT 남성 소프트 기모 릴렉스팬츠,TRUE,FALSE
100808,CERINI by PAT 남성 스프링 릴렉스 팬츠 3종,TRUE,TRUE
100808,CERINI by PAT 남성 여름 에어윈디 릴렉스 팬츠 3종,TRUE,TRUE
100808,CERINI by PAT 남성 기모 릴렉스팬츠,FALSE,TRUE
100809,CERINI by PAT 남성 풀패키지 기모니트 3종,TRUE,FALSE
100809,CERINI by PAT 남성 집업니트4종,TRUE,TRUE
100809,CERINI by PAT 남성 어반 카라 티셔츠 4종,TRUE,TRUE
100809,CERINI by PAT 남성 캐주얼 셔츠 4종,TRUE,TRUE
100809,CERINI by PAT 남성 에어 카타티셔츠 4종,TRUE,TRUE
100809,CERINI by PAT 남성 에어 카라티셔츠 4종,TRUE,TRUE
100809,CERINI by PAT 남성 어반 카라 티셔츠 4종(8월),TRUE,TRUE
100809,CERINI by PAT 남성 니트 스웨터 4종,TRUE,TRUE
100809,CERINI by PAT 남성 기모집업니트3종,FALSE,TRUE
100810,CERINI by PAT 남성 썸머 쿨 카라 티셔츠 5종,FALSE,FALSE
100811,CERINI by PAT 남성 어반 릴렉스 팬츠3종,FALSE,FALSE
100812,제주갈치+참조기세트,FALSE,FALSE
100813,한빛 페르시안스타일 셔닐 카페트 점보특대형,TRUE,FALSE
100813,한빛 페르시안스타일 셔닐 카페트 특대형,TRUE,TRUE
100813,한빛 페르시안스타일 셔닐 카페트 대형,FALSE,TRUE
100814,보코 기모 퀼팅 패딩,TRUE,FALSE
100814,보코 리버시블 패딩점퍼,FALSE,TRUE
100815,보코 퀼팅베스트+터틀넥2종,TRUE,FALSE
100815,보코 윈터 기모 풀코디 4종세트,TRUE,TRUE
100815,보코 니트웨어 풀코디,TRUE,TRUE
100815,보코 배색 사파리재킷,TRUE,TRUE
100815,보코 썸머 풀코디 2종,FALSE,TRUE
100816,보코 리버시블 무스탕,TRUE,FALSE
100816,보코 폭스퍼구스다운 롱패딩,TRUE,TRUE
100816,보코 여성 울코트 1종,FALSE,TRUE
100817,보코 메쉬 아이스 풀코디,FALSE,FALSE
100818,보코 에스닉 앙상블,FALSE,FALSE
100819,보코 여성 벨트롱코트 1종,FALSE,FALSE
100820,보코 여성 티 블라우스 3종,FALSE,FALSE
100821,보코 쿨썸머 메쉬 앙상블,FALSE,FALSE
100822,보코 풍기인견 블라우스,FALSE,FALSE
100824,프리미엄 클린샤워,FALSE,FALSE
100826,티젠 히비스커스 분말,FALSE,FALSE
100827,국내산 손질 새꼬막  13팩,FALSE,FALSE
100828,국내산 손질 피꼬막 23팩,FALSE,FALSE
100829,참바다손질낙지100미+양념장+연포탕육수,TRUE,FALSE
100829,참바다손질낙지+양념장+연포탕육수,FALSE,TRUE
100831,이만기의 리얼국밥 3종 27팩,FALSE,FALSE
100832,청정수산 완도활전복 35미,TRUE,FALSE
100832,청정수산 완도활전복 中사이즈 26미,TRUE,TRUE
100832,청정수산 완도활전복 大사이즈 20미,TRUE,TRUE
100832,청정수산 완도활전복세트(20미+간장전복장2통),TRUE,TRUE
100832,청정수산 완도활전복 中사이즈 17-18미(1kg이상!),FALSE,TRUE
100833,제주바다 7분 손질문어,FALSE,FALSE
100834,리복 남성 스피드윅 웜웨어 4종 패키지,TRUE,FALSE
100834,리복 여성 스피드윅 웜웨어 4종 패키지,FALSE,TRUE
100835,리복 델타 언더셔츠 6종 패키지,FALSE,FALSE
100836,리복 스피드윅 에어리라이트 브라 & 숏츠 패키지,FALSE,FALSE
100837,(도냄)무이자 쿠쿠전기밥솥 10인용,TRUE,FALSE
100837,(도냄)일시불 쿠쿠전기밥솥 10인용,TRUE,TRUE
100837,(도냄)무이자 쿠쿠전기밥솥 6인용,TRUE,TRUE
100837,(도냄)일시불  쿠쿠전기밥솥 6인용,TRUE,TRUE
100837,무이자 쿠쿠전기밥솥 10인용,TRUE,TRUE
100837,일시불 쿠쿠전기밥솥 10인용,TRUE,TRUE
100837,무이자 쿠쿠전기밥솥 6인용,TRUE,TRUE
100837,일시불  쿠쿠전기밥솥 6인용,TRUE,TRUE
100837,무이자 쿠쿠전기밥솥 10인용(CRP-QS107FG/FS),TRUE,TRUE
100837,일시불 쿠쿠전기밥솥 10인용 (QS),TRUE,TRUE
100837,무이자 쿠쿠전기밥솥 6인용(QS),TRUE,TRUE
100837,일시불  쿠쿠전기밥솥 6인용(QS),FALSE,TRUE
100838,무이자 쿠쿠 블랙스톤 전기밥솥 10인용,TRUE,FALSE
100838,일시불 쿠쿠 블랙스톤 전기밥솥 10인용,TRUE,TRUE
100838,무이자 쿠쿠 블랙스톤 전기밥솥 6인용,TRUE,TRUE
100838,일시불 쿠쿠 블랙스톤 전기밥솥 6인용,TRUE,TRUE
100838,쿠쿠 블랙스톤 전기밥솥 10인용(세일),TRUE,TRUE
100838,쿠쿠 블랙스톤 전기밥솥 6인용(세일),FALSE,TRUE
100839,무이자 쿠쿠 하이브리드 인덕션레인지(프리미엄형),TRUE,FALSE
100839,일시불 쿠쿠 하이브리드 인덕션레인지(프리미엄형),TRUE,TRUE
100839,무이자 쿠쿠 하이브리드 인덕션레인지(고급형),TRUE,TRUE
100839,일시불 쿠쿠 하이브리드 인덕션레인지(고급형),FALSE,TRUE
100840,산머루농원 머루원액,FALSE,FALSE
100841,옛날 그 쥐포 110장 (11팩),FALSE,FALSE
100843,무이자 도깨비그릴,TRUE,FALSE
100843,일시불 도깨비그릴,FALSE,TRUE
100844,하늘내린 용대리황태10미,TRUE,FALSE
100844,하늘내린 용대리황태10마리,FALSE,TRUE
100845,알비에로 마르티니 1A클라쎄 스퀘어 마일드 크로스 백,TRUE,FALSE
100845,알비에로 마르티니 1A클라쎄 소프트 메디오백,TRUE,TRUE
100845,알비에로 마르티니 1A클라쎄 버킷 드로잉 백,TRUE,TRUE
100845,알비에로 마르티니 1A클라쎄 지오맵 호보백,TRUE,TRUE
100845,알비에로 마르티니 1A클라쎄 프리다 숄더백,TRUE,TRUE
100845,알비에로 마르티니 1A클라쎄 클래식 스퀘어 크로스,TRUE,TRUE
100845,알비에로 마르티니 1A클라쎄 지오 쁘띠 쇼퍼백,TRUE,TRUE
100845,알비에로 마르티니 1A클라쎄 지오맵 라이트숄더백,TRUE,TRUE
100845,알비에로 마르티니 1A클라쎄 지오맵 라이트 백팩,TRUE,TRUE
100845,알비에로 마르티니 1A클라쎄 집어라운드 장지갑,TRUE,TRUE
100845,알비에로 마르티니 1A클라쎄 지오 울버튼 케이프,TRUE,TRUE
100845,알비에로 마르티니 1A클라쎄 지오 스톨라 머플러 숄,FALSE,TRUE
100846,알비에로 마르티니 1A클라쎄 지오맵 울실크 스카프,FALSE,FALSE
100849,멋진밥상 흥양농협 햅쌀 20kg,TRUE,FALSE
100849,멋진밥상 흥양농협 쌀 20kg,TRUE,TRUE
100849,19년 멋진밥상 흥양농협 햅쌀 20kg,FALSE,TRUE
